Date,Benchmark
2015-01-05,-0.0020308386436523884
2015-01-06,-0.029963988501869876
2015-01-07,-0.0031067936900222026
2015-01-08,0.016353724358093125
2015-01-09,0.006059844193054609
2015-01-12,0.004647232784114941
2015-01-13,-0.002835469106692301
2015-01-14,-0.0026327909136885097
2015-01-15,0.026167234392820093
2015-01-16,0.0023132877520259942
2015-01-19,0.004334185847861161
2015-01-20,0.016945912118627948
2015-01-21,0.0038985684884169647
2015-01-22,0.0036543204794088346
2015-01-23,0.008468876599840858
2015-01-27,0.00847711461998868
2015-01-28,0.0004264412420740271
2015-01-29,0.0042684008302582566
2015-01-30,-0.01602363904552817
2015-02-02,-0.0013054977908750764
2015-02-03,-0.004643483770618517
2015-02-04,-0.003751432939651078
2015-02-05,-0.0013755630903555804
2015-02-06,-0.005814064934449137
2015-02-09,-0.01555240973670402
2015-02-10,0.0045975355349490155
2015-02-11,0.007220854159723844
2015-02-12,0.009753739278629103
2015-02-13,0.0107845558389561
2015-02-16,0.00043718237181300523
2015-02-18,0.006782566551384539
2015-02-19,0.0029540986646272582
2015-02-20,-0.006936269340802492
2015-02-23,-0.008903438863023694
2015-02-24,0.0008166139044774035
2015-02-25,0.0005878032497472763
2015-02-26,-0.00951271956713906
2015-02-27,0.018511375395821705
2015-03-02,0.01268009809128312
2015-03-03,0.004410081781896391
2015-03-04,-0.008181143184660233
2015-03-05,0.0016922784950608172
2015-03-09,-0.02025118178512486
2015-03-10,-0.005104655872612551
2015-03-11,-0.0013888361116221049
2015-03-12,0.008741406902360804
2015-03-13,-0.014613719234275346
2015-03-16,-0.0016882552542568652
2015-03-17,0.010442238346779709
2015-03-18,-0.004287301239194297
2015-03-19,-0.00590036699653107
2015-03-20,-0.0073830435647072035
2015-03-23,-0.002333477124745964
2015-03-24,-0.000929749494125387
2015-03-25,-0.0014222710360253243
2015-03-26,-0.022113918786236364
2015-03-27,-8.990487642646094e-05
2015-03-30,0.018090417315550278
2015-03-31,-0.0001530568535489385
2015-04-01,0.011217759981156483
2015-04-06,0.00857771327704171
2015-04-07,4.612224673294918e-05
2015-04-08,0.006246964557533818
2015-04-09,0.007332623152276119
2015-04-10,0.0002335081659441407
2015-04-13,0.006110279546012176
2015-04-16,-0.014410211080767454
2015-04-17,-0.01156582781691673
2015-04-20,-0.01834770981001632
2015-04-21,-0.008327270348106652
2015-04-22,0.006200972255378856
2015-04-23,-0.0037249712205020824
2015-04-24,-0.011079600258562361
2015-04-27,-0.011011130948797465
2015-04-28,0.008741362876475867
2015-04-29,-0.005533650132347967
2015-04-30,-0.007069389241178392
2015-05-04,0.01838907233545184
2015-05-05,-0.0008581893143123631
2015-05-06,-0.02736399793773192
2015-05-07,-0.004903074634123761
2015-05-08,0.01665572816769534
2015-05-11,0.01632790087285607
2015-05-12,-0.02381908107113906
2015-05-13,0.013350641678914421
2015-05-14,-0.0013660455388829762
2015-05-15,0.004638677701966021
2015-05-18,0.013470838987944989
2015-05-19,-0.0009553778372400901
2015-05-20,0.006885251795789804
2015-05-21,-0.00026711779894939003
2015-05-22,0.004506613859696085
2015-05-25,-0.010485957862909845
2015-05-26,-0.0036916926764433144
2015-05-27,-0.0005695887835976965
2015-05-28,-0.00187166871908917
2015-05-29,0.013781751487558669
2015-06-01,-2.964315431874809e-05
2015-06-02,-0.023353592405198742
2015-06-03,-0.012305070176218624
2015-06-04,-0.0005470363313393456
2015-06-05,-0.001961676769116849
2015-06-08,-0.008694134258897646
2015-06-09,-0.0027038282806817193
2015-06-10,0.012720668903445809
2015-06-11,-0.019582875620068996
2015-06-12,0.0022032684655837187
2015-06-15,0.003883300602441242
2015-06-16,0.004167746384501569
2015-06-17,0.005498738840850059
2015-06-18,0.010263830165222254
2015-06-19,0.006159334653041526
2015-06-22,0.015580570218593381
2015-06-23,0.003405944696333929
2015-06-24,-0.002469733616678238
2015-06-25,0.00444337505883885
2015-06-26,-0.0020124304149797823
2015-06-29,-0.00748102536329065
2015-06-30,0.006022745602803914
2015-07-01,0.01010334046573469
2015-07-02,-0.0009640797405430224
2015-07-03,0.004736586359787687
2015-07-06,0.004390151714822377
2015-07-07,-0.0013318922357890006
2015-07-08,-0.01736029555278973
2015-07-09,-0.004125289314989233
2015-07-10,0.0038422055160178825
2015-07-13,0.011853357524637564
2015-07-14,-0.0006561478304294432
2015-07-15,0.008244543893853207
2015-07-16,0.009884089482447456
2015-07-17,0.00020908390731189108
2015-07-20,-0.0007432666484129546
2015-07-21,-0.00860120048586066
2015-07-22,0.012198887654526924
2015-07-23,-0.005061700968610694
2015-07-24,-0.00794547038951432
2015-07-27,-0.01884044667546103
2015-07-28,-0.002870470039468942
2015-07-29,0.004563968416396724
2015-07-30,0.005582056356707721
2015-07-31,0.013185994355469077
2015-08-03,0.0011954031512864116
2015-08-04,-0.00306089917070973
2015-08-05,0.005993941733038577
2015-08-06,0.002416003226048735
2015-08-07,-0.002800298085977815
2015-08-10,-0.004553627931107251
2015-08-11,-0.007418833032042493
2015-08-12,-0.013341379081930671
2015-08-13,0.0007664473603414823
2015-08-14,0.01947141259339502
2015-08-17,-0.004842373519645449
2015-08-18,-0.0012680924643075908
2015-08-19,0.0033780685872379923
2015-08-20,-0.014408266481082843
2015-08-21,-0.008694849922367243
2015-08-24,-0.05915098088055637
2015-08-25,0.009181738418811536
2015-08-26,-0.011274391291918318
2015-08-27,0.02016210472317792
2015-08-28,0.006667547122292117
2015-08-31,-0.003830365083121179
2015-09-01,-0.023264675971940818
2015-09-02,-0.0088429775544967
2015-09-03,0.013735907736166952
2015-09-04,-0.021468770971813878
2015-09-07,-0.01257339958011272
2015-09-08,0.017125760525132927
2015-09-09,0.01695445617094271
2015-09-10,-0.0039009540862875447
2015-09-11,0.00015404360706794407
2015-09-14,0.010649249276883932
2015-09-15,-0.005481266771729776
2015-09-16,0.008947363530129149
2015-09-18,0.010475810818002973
2015-09-21,-0.0006013361162410247
2015-09-22,-0.02069675641963653
2015-09-23,0.004345903137800811
2015-09-24,0.002874069312977845
2015-09-28,-0.009252056260723118
2015-09-29,0.006105879931557867
2015-09-30,0.013463733413981993
2015-10-01,0.00025160714370175974
2015-10-05,0.02117998017986733
2015-10-06,0.004138299910646515
2015-10-07,0.0030050657181448504
2015-10-08,-0.005875926976951273
2015-10-09,0.00742372968703231
2015-10-12,-0.005629033610123568
2015-10-13,-0.0014612581906097155
2015-10-14,-0.002926853228365389
2015-10-15,0.008830905477206663
2015-10-16,0.007170412693318751
2015-10-19,0.004479089639404021
2015-10-20,-0.0016192547934769097
2015-10-21,-0.001204383487806604
2015-10-23,0.005301937657024025
2015-10-26,-0.004207172582956553
2015-10-27,-0.0033471638954116756
2015-10-28,-0.007494344931314734
2015-10-29,-0.00727557689096936
2015-10-30,-0.005664646384873739
2015-11-02,-0.0018597039801661053
2015-11-03,0.0012297400090901522
2015-11-04,-0.0025432033822472278
2015-11-05,-0.010540782311541208
2015-11-06,-0.00014460408861305396
2015-11-09,-0.004915531264230055
2015-11-10,-0.01665783484975325
2015-11-13,-0.002710927478722036
2015-11-16,0.005713562131630656
2015-11-17,0.00396455648349936
2015-11-18,-0.01349273722468125
2015-11-19,0.014349853606560714
2015-11-20,0.0017595619760288894
2015-11-23,-0.0009291361817810317
2015-11-24,-0.002248610038379506
2015-11-26,0.006665267171503286
2015-11-27,0.0074710662477730505
2015-11-30,-0.0009379927643368147
2015-12-01,0.0024762801857218797
2015-12-02,-0.00296041496142041
2015-12-03,-0.008472730932953976
2015-12-04,-0.010458854551524621
2015-12-07,-0.0021203048364873966
2015-12-08,-0.00820301695113268
2015-12-09,-0.011581883616657795
2015-12-10,0.00930046695402309
2015-12-11,-0.00948155235730297
2015-12-14,0.005203320218742258
2015-12-15,0.006647028314128445
2015-12-16,0.006492747683265243
2015-12-17,0.012056689737954374
2015-12-18,-0.010504363180879661
2015-12-21,0.009340436124388285
2015-12-22,-0.006171472975241898
2015-12-23,0.01025546764808305
2015-12-24,-0.0006229877514251081
2015-12-28,0.008154139618607559
2015-12-29,0.0004795231655652099
2015-12-30,-0.004124151937772491
2015-12-31,0.006344796283837217
2016-01-04,-0.01951213966956744
2016-01-05,-0.0008535035886758635
2016-01-06,-0.005607176031205752
2016-01-07,-0.022309804329221028
2016-01-08,0.004366937597831466
2016-01-11,-0.00493333414699082
2016-01-12,-0.007079766557687717
2016-01-13,0.006937152844914696
2016-01-14,-0.003385181686611949
2016-01-15,-0.013135548583687595
2016-01-18,-0.01167009155487031
2016-01-19,0.011440633608522655
2016-01-20,-0.01691978471256972
2016-01-21,-0.004446390334017725
2016-01-22,0.020015720445019758
2016-01-25,0.0018457122204607046
2016-01-27,0.00021517824106065397
2016-01-28,-0.001761298464757477
2016-01-29,0.018707939656508632
2016-02-01,-0.0010047675458274563
2016-02-02,-0.013287592960483763
2016-02-03,-0.01257452534768888
2016-02-04,0.005732320415128722
2016-02-05,0.011493800331746407
2016-02-08,-0.013599777854234385
2016-02-09,-0.012054527014450533
2016-02-10,-0.011304156886925099
2016-02-11,-0.03317073758299127
2016-02-12,0.0006593845767279838
2016-02-15,0.02607094949942601
2016-02-16,-0.016012982386442
2016-02-17,0.008541154940942874
2016-02-18,0.011718419964794835
2016-02-19,0.0026419160844022294
2016-02-22,0.0033006004489823937
2016-02-23,-0.017278200216274464
2016-02-24,-0.012778531956425754
2016-02-25,-0.006853134671341854
2016-02-26,0.008485625558068977
2016-02-29,-0.006074212498666354
2016-03-01,0.03366943224623564
2016-03-02,0.020291361052837242
2016-03-03,0.014486656477644022
2016-03-04,0.0013042431206367056
2016-03-08,-6.71885323921817e-06
2016-03-09,0.006212176026787919
2016-03-10,-0.006060955352974129
2016-03-11,0.0032126384433233124
2016-03-14,0.0038014705260878134
2016-03-15,-0.010366427105786724
2016-03-16,0.005113516586384925
2016-03-17,0.0018402806717785491
2016-03-18,0.012219591930221929
2016-03-21,0.013137204502793765
2016-03-22,0.001382341219943628
2016-03-23,0.00020740355370829633
2016-03-28,-0.013140659929210097
2016-03-29,-0.0023768693023248355
2016-03-30,0.01819141704784788
2016-03-31,0.00041365536126503066
2016-04-01,-0.0032758836421172832
2016-04-04,0.005931505845093277
2016-04-05,-0.02005459778469787
2016-04-06,0.0014664749128432408
2016-04-07,-0.00891736017820488
2016-04-08,0.0011594855559287076
2016-04-11,0.015380096361092388
2016-04-12,0.004894842329530746
2016-04-13,0.018355287868643932
2016-04-18,0.008184244011682829
2016-04-20,6.292681500319475e-06
2016-04-21,-0.0003411598992387743
2016-04-22,-0.0016114660947212922
2016-04-25,-0.005601762319964343
2016-04-26,0.013698206928241197
2016-04-27,0.0021663642394880167
2016-04-28,-0.016623003291656557
2016-04-29,0.00032492971263820003
2016-05-02,-0.005592486870497626
2016-05-03,-0.0075455620851691
2016-05-04,-0.0052214012278947175
2016-05-05,0.003756570196288278
2016-05-06,-0.00026498670900398924
2016-05-09,0.01714624210748439
2016-05-10,0.002765047328716186
2016-05-11,-0.00493796850778383
2016-05-12,0.006567816182767139
2016-05-13,-0.010822236982540034
2016-05-16,0.005867010227795566
2016-05-17,0.003816429729987636
2016-05-18,-0.002610664088489645
2016-05-19,-0.011022661712474568
2016-05-20,-0.0043296897826234915
2016-05-23,-0.0024065951139995434
2016-05-24,0.002302441895789764
2016-05-25,0.024009988881288802
2016-05-26,0.016981940750153468
2016-05-27,0.010781136858828422
2016-05-30,0.0026788078338353394
2016-05-31,-0.0022497893677019265
2016-06-01,0.0024325801667495206
2016-06-02,0.00476775519028827
2016-06-03,0.00022504204686080165
2016-06-06,-0.002402442641741276
2016-06-07,0.007974636440766236
2016-06-08,0.0007983607496653278
2016-06-09,-0.0083947512649023
2016-06-10,-0.004089644337244347
2016-06-13,-0.007276541569812833
2016-06-14,-0.00021576701833758705
2016-06-15,0.012054669964487674
2016-06-16,-0.008023982222768011
2016-06-17,0.003617626792678852
2016-06-20,0.008359624373303065
2016-06-21,-0.002257645126540031
2016-06-22,-0.0019708505629796313
2016-06-23,0.008136572328440339
2016-06-24,-0.021987932139331257
2016-06-27,0.0007541598771854119
2016-06-28,0.004095260052119798
2016-06-29,0.009369009200318468
2016-06-30,0.010208434909800168
2016-07-01,0.00489874928358125
2016-07-04,0.005085111447510116
2016-07-05,-0.0041513850919495665
2016-07-07,0.00023394997172565546
2016-07-08,-0.0017630571995113087
2016-07-11,0.017385163388715874
2016-07-12,0.006276575256050743
2016-07-13,-0.00018187954806314632
2016-07-14,0.005340689007570898
2016-07-15,-0.0027553542761237226
2016-07-18,-0.003828434895569499
2016-07-19,0.0023328603569714446
2016-07-20,0.004373522526303297
2016-07-21,-0.006508402848794281
2016-07-22,0.003654550165692383
2016-07-25,0.011058187743255843
2016-07-26,-0.005210956669673972
2016-07-27,0.0029275331807177007
2016-07-28,0.005861324676151858
2016-07-29,-0.003207805558776422
2016-08-01,-0.00022575624385023918
2016-08-02,-0.001580424402241265
2016-08-03,-0.009051569392458547
2016-08-04,0.0007314347572768831
2016-08-05,0.015442549763450941
2016-08-08,0.0032475792173825013
2016-08-09,-0.003799596028080332
2016-08-10,-0.011863013316336768
2016-08-11,0.00196501420606765
2016-08-16,0.0058657509204553815
2016-08-17,-0.0021405719860551065
2016-08-18,0.0057049989769026865
2016-08-19,-0.0007320911278931863
2016-08-22,-0.0043556517669032235
2016-08-23,0.0003997170745508871
2016-08-24,0.0020503899304304962
2016-08-25,-0.006716485056797228
2016-08-26,-0.0022870033493540554
2016-08-29,0.004071179686342186
2016-08-30,0.015904758198549196
2016-08-31,0.00478601471887985
2016-09-01,-0.0013145392127147382
2016-09-02,0.0039887629069979
2016-09-06,0.015136765190694401
2016-09-07,-0.002801051625573092
2016-09-08,0.0038741867728371293
2016-09-09,-0.009583893290980194
2016-09-12,-0.017041355026008564
2016-09-14,0.0012621047883116798
2016-09-15,0.001827767518446155
2016-09-16,0.004266467508998506
2016-09-19,0.003251853109136782
2016-09-20,-0.0036896597064991488
2016-09-21,0.0001424355273373923
2016-09-22,0.010288054854791007
2016-09-23,-0.00404855847332275
2016-09-26,-0.012285499419638857
2016-09-27,-0.0019086689214536934
2016-09-28,0.004450748674702076
2016-09-29,-0.0175983698107679
2016-09-30,0.002316355667103087
2016-10-03,0.014742422671912614
2016-10-04,0.0035534936242527237
2016-10-05,-0.0028737328235858284
2016-10-06,-0.003934193340149772
2016-10-07,-0.0013720795655899343
2016-10-10,0.0012877340663539627
2016-10-13,-0.015553256286772621
2016-10-14,0.0011723284023095193
2016-10-17,-0.007339748483457642
2016-10-18,0.01848504680288232
2016-10-19,-0.002166512682066579
2016-10-20,0.004654153788272275
2016-10-21,-0.0007300027188475999
2016-10-24,0.0018290923188344355
2016-10-25,-0.0020266955521803798
2016-10-26,-0.008750107164233856
2016-10-27,0.0
2016-10-28,0.0026406662604103737
2016-11-01,-0.0013602685806899384
2016-11-02,-0.013012606868569754
2016-11-03,-0.003412004309079175
2016-11-04,-0.00603423639902867
2016-11-07,0.007505534867348507
2016-11-08,0.005472487636161372
2016-11-09,-0.013056610804363489
2016-11-10,0.011118358633776193
2016-11-11,-0.026912611243878892
2016-11-15,-0.022642577269069153
2016-11-16,0.0003884715658204474
2016-11-17,-0.003901807530291679
2016-11-18,-0.000724026450019899
2016-11-21,-0.017958657713704862
2016-11-22,0.009231779915716665
2016-11-23,0.0038738863522509437
2016-11-24,-0.008439844937436325
2016-11-25,0.018680535394827613
2016-11-28,0.001552826240037497
2016-11-29,0.0018764842908427504
2016-11-30,0.01011404833415619
2016-12-01,-0.00384213136056899
2016-12-02,-0.012950308300941793
2016-12-05,0.00518749027126697
2016-12-06,0.0017714780678148578
2016-12-07,-0.005047198952388254
2016-12-08,0.017871996368588716
2016-12-09,0.0018067979083868924
2016-12-12,-0.011008587201561393
2016-12-13,0.006241739024219095
2016-12-14,-0.004786009184091999
2016-12-15,-0.003525850688682164
2016-12-16,-0.001735417750965862
2016-12-19,-0.004312342580149231
2016-12-20,-0.0027084460873485483
2016-12-21,-0.0026106228238139684
2016-12-22,-0.010196830414798908
2016-12-23,0.0008334150796909245
2016-12-26,-0.009704786651222541
2016-12-27,0.01575571051196545
2016-12-28,0.00024897763255693484
2016-12-29,0.008556475748073389
2016-12-30,0.01014360358861044
2017-01-02,-0.0007696016073948098
2017-01-03,0.0015587749862460143
2017-01-04,-0.00021361652781592966
2017-01-05,0.01017029542610337
2017-01-06,-0.0036259035398709116
2017-01-09,-0.0009401004613908137
2017-01-10,0.0063804622280927425
2017-01-11,0.01110570972035907
2017-01-12,0.003167988574872327
2017-01-13,-0.0008148474852923693
2017-01-16,0.0014821044232022906
2017-01-17,-0.0017592008642893786
2017-01-18,0.002262443438914019
2017-01-19,0.0021503634757038537
2017-01-20,-0.010165855054597661
2017-01-23,0.005048344194100052
2017-01-24,0.010045856484240057
2017-01-25,0.014977960574563243
2017-01-27,0.00447531312661642
2017-01-30,-0.0009836539852451365
2017-01-31,-0.008276643631809133
2017-02-01,0.01811647640847469
2017-02-02,0.002047818890261066
2017-02-03,0.0007671174184962215
2017-02-06,0.006875638006406781
2017-02-07,-0.0037211469911869743
2017-02-08,8.55353964515082e-05
2017-02-09,0.0010663168924529565
2017-02-10,0.0017257602055471555
2017-02-13,0.001307776751758416
2017-02-14,-0.0014480326951941125
2017-02-15,-0.007688501401983627
2017-02-16,0.006109070053333943
2017-02-17,0.004978377228582742
2017-02-20,0.0065180179247708026
2017-02-21,0.003226575978951818
2017-02-22,0.0021386509747480797
2017-02-23,0.0014114204061503877
2017-02-27,-0.004787717958219084
2017-02-28,-0.0019221268068030373
2017-03-01,0.007455313102474381
2017-03-02,-0.0051476453411544165
2017-03-03,-0.0002472199008398679
2017-03-06,0.00740657732427441
2017-03-07,-0.0018463654426456033
2017-03-08,-0.0025260799775062015
2017-03-09,0.0003025666294942386
2017-03-10,0.0008457269729471584
2017-03-14,0.017062996865551794
2017-03-15,-0.0002421255983823256
2017-03-16,0.0075841396735512046
2017-03-17,0.0006936658662091144
2017-03-20,-0.0036244557639315556
2017-03-21,-0.0005861397529225432
2017-03-22,-0.009981889457600146
2017-03-23,0.006184587497530369
2017-03-24,0.002388232369495924
2017-03-27,-0.006895015885759803
2017-03-28,0.006146863328001739
2017-03-29,0.004724859454424246
2017-03-30,0.003275464899958447
2017-03-31,0.0
2017-04-03,0.006987285393105225
2017-04-05,0.002955317785461098
2017-04-06,-0.00034540133484917135
2017-04-07,-0.006872244968150865
2017-04-10,-0.0018318178068531532
2017-04-11,0.006050221207523521
2017-04-12,-0.003632110499891761
2017-04-13,-0.005720723153564311
2017-04-17,-0.0012567207506942735
2017-04-18,-0.003736545992832463
2017-04-19,-0.00018125901870869043
2017-04-20,0.003614037526775471
2017-04-21,-0.0018606890321317682
2017-04-24,0.010806610135114969
2017-04-25,0.00961704198701141
2017-04-26,0.004862141050359314
2017-04-27,-0.001037144431864756
2017-04-28,-0.004078352878555069
2017-05-02,0.0010479307618374012
2017-05-03,-0.00019858805361794296
2017-05-04,0.005149318274558334
2017-05-05,-0.007970232889681239
2017-05-08,0.0030962920535411165
2017-05-09,0.0003006001413146109
2017-05-10,0.009708238203339103
2017-05-11,0.0016051987553300506
2017-05-12,-0.002281796475279485
2017-05-15,0.004733589140501593
2017-05-16,0.007077477566896029
2017-05-17,0.0014192225814082526
2017-05-18,-0.010109419697924005
2017-05-19,-0.00016435790585866972
2017-05-22,0.001097763971423804
2017-05-23,-0.00552004973114717
2017-05-24,-0.0027274851639997877
2017-05-25,0.015939255537936958
2017-05-26,0.008974958266515953
2017-05-29,0.00102143611312
2017-05-30,0.0020457696866569286
2017-05-31,-0.0003428528870922376
2017-06-01,-0.0005353140834091219
2017-06-02,0.00388935141525959
2017-06-05,0.002237489964779682
2017-06-06,-0.003922359487981697
2017-06-07,0.002775716774745085
2017-06-08,-0.0017229472523487832
2017-06-09,0.0021767861307626646
2017-06-12,-0.005362874292141773
2017-06-13,-0.0009878956380873216
2017-06-14,0.0011710332721861505
2017-06-15,-0.0041692616884621
2017-06-16,0.001044053873587636
2017-06-19,0.007248606485755094
2017-06-20,-0.0004193408027297618
2017-06-21,-0.0020614689620345183
2017-06-22,-0.00037365154469337636
2017-06-23,-0.005716490621754944
2017-06-27,-0.006637089842891464
2017-06-28,-0.0021185514012070916
2017-06-29,0.0013538374160411148
2017-06-30,0.0017677404426008625
2017-07-03,0.009883477981521338
2017-07-04,-0.00017682738559543498
2017-07-05,0.0025277277502206985
2017-07-06,0.003833962481337938
2017-07-07,-0.0009044348498532528
2017-07-10,0.010888907501369838
2017-07-11,0.001535147225716127
2017-07-12,0.0030706776776372458
2017-07-13,0.007701693029408263
2017-07-14,-0.0005409167111671831
2017-07-17,0.0029940865038224906
2017-07-18,-0.008955249163058343
2017-07-19,0.007372352703497453
2017-07-20,-0.002656653372384299
2017-07-21,0.004248852576378193
2017-07-24,0.005158759549683589
2017-07-25,-0.00018568247962835738
2017-07-26,0.0056300171143817135
2017-07-27,-1.0037865166290239e-05
2017-07-28,-0.0006037397952625145
2017-07-31,0.006250897136651945
2017-08-01,0.0037263481265050746
2017-08-02,-0.0032774628232060676
2017-08-03,-0.006730110536626532
2017-08-04,0.0052678092346210015
2017-08-07,-0.000894063384204502
2017-08-08,-0.007840056363968673
2017-08-09,-0.007065154895241621
2017-08-10,-0.008861461782919355
2017-08-11,-0.011145357329243155
2017-08-14,0.008583287433983067
2017-08-16,0.010531736796816515
2017-08-17,0.0006921671640436333
2017-08-18,-0.006739598791147605
2017-08-21,-0.008442350412935062
2017-08-22,0.0011482257414410224
2017-08-23,0.008903768559017866
2017-08-24,0.00046179189926420783
2017-08-28,0.005655850493267112
2017-08-29,-0.011777701789638884
2017-08-30,0.009019001301445284
2017-08-31,0.0033891787742403867
2017-09-01,0.00569677026131532
2017-09-04,-0.006170875324781666
2017-09-05,0.003969654285916446
2017-09-06,-0.0036172905783141696
2017-09-07,0.0013815972895521167
2017-09-08,0.0004934001218306339
2017-09-11,0.007171760015373785
2017-09-12,0.008694739852208588
2017-09-13,-0.0013623236054590704
2017-09-14,0.0007242372812548137
2017-09-15,-0.00011889227256378643
2017-09-18,0.006712596042585561
2017-09-19,-0.0005466118624873895
2017-09-20,-0.0006306363787978997
2017-09-21,-0.0018982067377479872
2017-09-22,-0.01556031910231781
2017-09-25,-0.009212875602266135
2017-09-26,-0.00011137992205778602
2017-09-27,-0.013751709466646389
2017-09-28,0.003410132276660871
2017-09-29,0.002011415113154058
2017-10-03,0.007243159742390093
2017-10-04,0.005618985813175215
2017-10-05,-0.0026425071639926134
2017-10-06,0.009202422785872022
2017-10-09,0.0009068212982741297
2017-10-10,0.0028231956263296
2017-10-11,-0.0032095987299651796
2017-10-12,0.011177047924897598
2017-10-13,0.007037142143597297
2017-10-16,0.006235527378509298
2017-10-17,0.00035193420634405115
2017-10-18,-0.0023059945074831445
2017-10-19,-0.006297204164917303
2017-10-23,0.00377466285828576
2017-10-24,0.0022435859942857572
2017-10-25,0.008586597606260904
2017-10-26,0.004706027201677676
2017-10-27,-0.002006032637116295
2017-10-30,0.00393300300838062
2017-10-31,-0.002735579151063039
2017-11-01,0.010178727013297362
2017-11-02,-0.0015995589591015769
2017-11-03,0.0027533333189682097
2017-11-06,-6.698831021290097e-05
2017-11-07,-0.009725541625559164
2017-11-08,-0.004540996818999998
2017-11-09,0.0005629156585715833
2017-11-10,0.0012416205767800115
2017-11-13,-0.009378235734008311
2017-11-14,-0.0037506868204679744
2017-11-15,-0.00672940994209803
2017-11-16,0.009557197007243445
2017-11-17,0.006740214824151325
2017-11-20,0.0014732575363192169
2017-11-21,0.0027333793542905216
2017-11-22,0.00149119420929833
2017-11-23,0.0006236712756650942
2017-11-24,0.003957018510689636
2017-11-27,0.000948016707878141
2017-11-28,-0.0028174108723719726
2017-11-29,-0.0008630645657047298
2017-11-30,-0.013005125084696312
2017-12-01,-0.010242946252702612
2017-12-04,0.0005878594150563465
2017-12-05,-0.0009380168349337747
2017-12-06,-0.007328380957675518
2017-12-07,0.012206229598028528
2017-12-08,0.009732773998600175
2017-12-11,0.0055134947345070184
2017-12-12,-0.007953654423696332
2017-12-13,-0.004609326378225087
2017-12-14,0.005802972930222028
2017-12-15,0.007915489872025061
2017-12-18,0.005371011056540809
2017-12-19,0.007166424768379365
2017-12-20,-0.001815888030940238
2017-12-21,-0.00037345038892977467
2017-12-22,0.0050477664720738336
2017-12-26,0.003669112741827796
2017-12-27,-0.003869344347908643
2017-12-28,-0.0012248513571480046
2017-12-29,0.005039158869532878
2018-01-02,-0.008403999578242116
2018-01-03,9.576525840304662e-05
2018-01-04,0.0058985376343401175
2018-01-05,0.005145248428569005
2018-01-08,0.006132296831134809
2018-01-09,0.0012613794869653638
2018-01-10,-0.0004512366915013777
2018-01-11,0.0017870242895141608
2018-01-12,0.00282125996474325
2018-01-15,0.005645388385020489
2018-01-16,-0.003826227138756466
2018-01-17,0.008233261943837888
2018-01-18,0.002637073177355065
2018-01-19,0.007183155709762357
2018-01-22,0.006562824007838586
2018-01-23,0.010714741469905364
2018-01-24,0.00020749430668232094
2018-01-25,-0.001474797886974577
2018-01-29,0.005487978197707966
2018-01-30,-0.0072549052294663685
2018-01-31,-0.001986505865481769
2018-02-01,-0.000979334267002474
2018-02-02,-0.023264327729431322
2018-02-05,-0.00874020111347329
2018-02-06,-0.015778279553294694
2018-02-07,-0.0020527044686019513
2018-02-08,0.009559251691416026
2018-02-09,-0.011525115565078292
2018-02-12,0.008110971654893273
2018-02-14,-0.0036860086221209842
2018-02-15,0.004247217640005241
2018-02-16,-0.00883791146104973
2018-02-19,-0.0070701582851038225
2018-02-20,-0.001734371321447492
2018-02-21,0.003576097765586983
2018-02-22,-0.0014186170381128571
2018-02-23,0.010435590678416817
2018-02-26,0.008726467454819975
2018-02-27,-0.0026741826897078713
2018-02-28,-0.005822290104475547
2018-03-01,-0.0032879533476946055
2018-03-05,-0.009513929416818057
2018-03-06,-0.010580287725753812
2018-03-07,-0.00927383024977435
2018-03-08,0.008710700361544088
2018-03-09,-0.001542645765246653
2018-03-12,0.019023530088059015
2018-03-13,0.0005228873803659884
2018-03-14,-0.001529629691374823
2018-03-15,-0.004874698450260895
2018-03-16,-0.01592640973139836
2018-03-19,-0.009896900659531527
2018-03-20,0.002981856935879268
2018-03-21,0.003052086486265315
2018-03-22,-0.003988084980675044
2018-03-23,-0.011537625281148767
2018-03-26,0.013262645068574441
2018-03-27,0.005281003483202706
2018-03-28,-0.006917631084606968
2018-04-02,0.009699675438319622
2018-04-03,0.0032511600254110373
2018-04-04,-0.011381123413860439
2018-04-05,0.019425574859986305
2018-04-06,0.0006246125727966678
2018-04-09,0.004621743176794313
2018-04-10,0.002206341580816895
2018-04-11,0.0014324199692374862
2018-04-12,0.003983815001590951
2018-04-13,0.002098666456015641
2018-04-16,0.004556037037927396
2018-04-17,0.001932932196645476
2018-04-18,-0.002132964212026689
2018-04-19,0.0037145036812440413
2018-04-20,-0.00011831183431687542
2018-04-23,0.0019547797489403163
2018-04-24,0.0028011576629851653
2018-04-25,-0.00412647089076601
2018-04-26,0.0044699661676110836
2018-04-27,0.007016519558704637
2018-04-30,0.004400344691688707
2018-05-02,-0.0019833421447520427
2018-05-03,-0.003582686660562606
2018-05-04,-0.0057492884485150775
2018-05-07,0.00915875968262192
2018-05-08,0.00021462411343375898
2018-05-09,0.0022299717349214543
2018-05-10,-0.0023413789407356056
2018-05-11,0.00839357787271755
2018-05-14,9.217542682682378e-06
2018-05-15,-0.0004395462191344457
2018-05-16,-0.005624036826737067
2018-05-17,-0.005437005165795927
2018-05-18,-0.008078463600931896
2018-05-21,-0.007521440524559053
2018-05-22,0.0019017372016476575
2018-05-23,-0.010093348388598211
2018-05-24,0.008005484296034426
2018-05-25,0.00868385840031305
2018-05-28,0.007873532851907061
2018-05-29,-0.005178444790938985
2018-05-30,-0.0017821556488181178
2018-05-31,0.011475105468772284
2018-06-01,-0.0037210912532843476
2018-06-04,-0.006329368754912523
2018-06-05,-0.003325926459519235
2018-06-06,0.0086376570355291
2018-06-07,0.007833594520176401
2018-06-08,-6.493276828523076e-05
2018-06-11,0.0017923877528847054
2018-06-12,0.005182133323169635
2018-06-13,0.0012773935299743577
2018-06-14,-0.0044811397339686865
2018-06-15,0.000892889170515776
2018-06-18,-0.00165012762557748
2018-06-19,-0.008277838793689818
2018-06-20,0.005751355755517995
2018-06-21,-0.0028731945983977436
2018-06-22,0.007517852262492797
2018-06-25,-0.005488841206131911
2018-06-26,0.0006225529680423669
2018-06-27,-0.009076853461448153
2018-06-28,-0.007712275637441368
2018-06-29,0.011823497741172861
2018-07-02,-0.005319993003655044
2018-07-03,0.003997315147197256
2018-07-04,0.006542116977213297
2018-07-05,-0.0018709913642785958
2018-07-06,0.0021303184376380013
2018-07-09,0.007449420253147654
2018-07-10,0.008693492612951825
2018-07-11,9.589665783638068e-05
2018-07-12,0.006841280560560881
2018-07-13,-0.0003900686380828855
2018-07-16,-0.0074463674542162295
2018-07-17,0.006510119262449043
2018-07-18,-0.002507220612614547
2018-07-19,-0.0021265599790679657
2018-07-20,0.00484622644956767
2018-07-23,0.006770976309698584
2018-07-24,0.00447008770495505
2018-07-25,-0.0002065513528324292
2018-07-26,0.0031710209025781477
2018-07-27,0.009944194803553685
2018-07-30,0.0036530340643325943
2018-07-31,0.0032642813495284972
2018-08-01,-0.0009069523785937283
2018-08-02,-0.008945726168478219
2018-08-03,0.010324829240302646
2018-08-06,0.0023149606664707445
2018-08-07,0.00020642534254866618
2018-08-08,0.005316306199962151
2018-08-09,0.001807877319869089
2018-08-10,-0.003591776841080363
2018-08-13,-0.006452600726191027
2018-08-14,0.006987615029830696
2018-08-16,-0.004376857779749166
2018-08-17,0.0075274326228431665
2018-08-20,0.007061438877143944
2018-08-21,0.00165779129785526
2018-08-23,0.0010240870610727093
2018-08-24,-0.0022145337355118366
2018-08-27,0.011668203138797129
2018-08-28,0.003981355027167455
2018-08-29,-0.003969809547642367
2018-08-30,-0.0012915424723947133
2018-08-31,0.00031688436681198695
2018-09-03,-0.00840292715423141
2018-09-04,-0.00535727264157837
2018-09-05,-0.0037628889968090995
2018-09-06,0.005223530144531363
2018-09-07,0.0045245444601755835
2018-09-10,-0.013029485041085365
2018-09-11,-0.013166488710376734
2018-09-12,0.0073001453488372725
2018-09-14,0.012779338401883056
2018-09-17,-0.011936413868727347
2018-09-18,-0.008687975159851424
2018-09-19,-0.003949922395540484
2018-09-21,-0.00812241056873042
2018-09-24,-0.015767535507102526
2018-09-25,0.009122472156029238
2018-09-26,-0.0012333817079910325
2018-09-27,-0.006898080420062014
2018-09-28,-0.004290539347394984
2018-10-01,0.007122269255513958
2018-10-03,-0.01363060666494631
2018-10-04,-0.023852830796859514
2018-10-05,-0.026681114672028716
2018-10-08,0.003063031253653259
2018-10-09,-0.004541918611438267
2018-10-10,0.015440154906845027
2018-10-11,-0.021553257346415555
2018-10-12,0.02323964183406524
2018-10-15,0.003819527333492445
2018-10-16,0.006872770511296089
2018-10-17,-0.012442447418455793
2018-10-19,-0.014302046081609565
2018-10-22,-0.0056582251546914986
2018-10-23,-0.009609350217173795
2018-10-24,0.007682244334463961
2018-10-25,-0.009765481735494741
2018-10-26,-0.0093729702973544
2018-10-29,0.022018904224825553
2018-10-30,-0.005116572845048073
2018-10-31,0.01845379780568379
2018-11-01,-0.0005920526730374132
2018-11-02,0.01662257430466929
2018-11-05,-0.0027480337344830685
2018-11-06,0.0005701254275940482
2018-11-07,0.006495763592117676
2018-11-09,-0.0012454893970770264
2018-11-12,-0.009730567027500525
2018-11-13,0.009568583199961456
2018-11-14,-0.0005858913595558901
2018-11-15,0.0038198983927342223
2018-11-16,0.006169525256907837
2018-11-19,0.0076014485618920435
2018-11-20,-0.009959695953136949
2018-11-21,-0.00526926949530282
2018-11-22,-0.006915043423200262
2018-11-26,0.009675313783931383
2018-11-27,0.0053628890065369195
2018-11-28,0.004047503329813518
2018-11-29,0.012102936537020215
2018-11-30,0.001662243580064171
2018-12-03,0.000643574597191332
2018-12-04,-0.0013092913747559942
2018-12-05,-0.007967211865771207
2018-12-06,-0.01685539079615528
2018-12-07,0.008730166187373989
2018-12-10,-0.019193543511718203
2018-12-11,0.005787336945131116
2018-12-12,0.01786392380162427
2018-12-13,0.005024418610784842
2018-12-14,0.001288081033454791
2018-12-17,0.007672000015183311
2018-12-18,0.0018690239262686426
2018-12-19,0.005371823253533137
2018-12-20,-0.001422374664029169
2018-12-21,-0.018052009440243655
2018-12-24,-0.008415473312255894
2018-12-26,0.006222123071693231
2018-12-27,0.004655255863871277
2018-12-28,0.007430619064249022
2018-12-31,0.00024396301689710853
2019-01-02,-0.006448744166611009
2019-01-03,-0.011141996757007222
2019-01-04,0.0051628859308019415
2019-01-07,0.004143632577580325
2019-01-08,0.0028175965472634346
2019-01-09,0.004906430486840696
2019-01-10,-0.0030907707440862575
2019-01-11,-0.0024626132017869784
2019-01-14,-0.005312723532749919
2019-01-15,0.013895116296032572
2019-01-16,0.0003214902508350548
2019-01-17,0.001368225934293088
2019-01-18,0.0001604738994844812
2019-01-21,0.0050334340103701525
2019-01-22,-0.0035668806605010372
2019-01-23,-0.008354123274816327
2019-01-24,0.001689498655541799
2019-01-25,-0.006382606245884936
2019-01-28,-0.011038398055380982
2019-01-29,-0.0008769465552643796
2019-01-30,-3.758759858607519e-05
2019-01-31,0.016818790618479573
2019-02-01,0.005788983808607595
2019-02-04,0.0017073807867935553
2019-02-05,0.0020252110586724825
2019-02-06,0.011715428033110209
2019-02-07,0.0006282690714798367
2019-02-08,-0.011364733121095205
2019-02-11,-0.005007475295473629
2019-02-12,-0.005271417887377283
2019-02-14,-0.007879921603800577
2019-02-15,-0.002014639281967212
2019-02-18,-0.00778133902809619
2019-02-19,-0.0034395975233135756
2019-02-20,0.012362906803977669
2019-02-21,0.005067269008080633
2019-02-22,0.00016689586186968697
2019-02-25,0.008196078963680797
2019-02-26,-0.004117591409631749
2019-02-27,-0.002644081343287419
2019-02-28,-0.0013094150466157473
2019-03-01,0.006578642575862936
2019-03-05,0.011409784628572783
2019-03-06,0.005965879573721855
2019-03-07,0.00047047817900125466
2019-03-08,-0.0020618006804727917
2019-03-11,0.012020353532001593
2019-03-12,0.011922438828049886
2019-03-13,0.0035836901656514097
2019-03-14,0.00013664659273393553
2019-03-15,0.007369987382364052
2019-03-18,0.0030936423551506387
2019-03-19,0.006124495656707252
2019-03-20,-0.0009842344657688962
2019-03-22,-0.005568018119008533
2019-03-25,-0.008959700017030503
2019-03-26,0.011361384503600025
2019-03-27,-0.0033266013813597617
2019-03-28,0.010917400749215211
2019-04-01,0.008569610252809001
2019-04-02,0.0037748939051200914
2019-04-03,-0.005912133221091298
2019-04-04,-0.003946272059030087
2019-04-05,0.005858785593421345
2019-04-08,-0.005267483083991831
2019-04-09,0.005812417192683883
2019-04-10,-0.007509489773200095
2019-04-11,0.0010704480058416621
2019-04-12,0.0040313191867198395
2019-04-15,0.0040279653604204935
2019-04-16,0.008280400884877803
2019-04-18,-0.0029142400664389223
2019-04-22,-0.013473352052831178
2019-04-23,-0.0015955909670886115
2019-04-24,0.012975193636658888
2019-04-25,-0.007193374050953438
2019-04-26,0.009693568677590747
2019-04-30,-0.0005529726349993158
2019-05-02,-0.001991836148409698
2019-05-03,-0.0010661208128105448
2019-05-06,-0.00973339879186319
2019-05-07,-0.008652133673183404
2019-05-08,-0.012041345863927244
2019-05-09,-0.005075103956069027
2019-05-10,-0.0020261741013145596
2019-05-13,-0.011588026384304118
2019-05-14,0.006624352638199937
2019-05-15,-0.005796606308085428
2019-05-16,0.008971910851931497
2019-05-17,0.013329435330307948
2019-05-20,0.036915407876193296
2019-05-21,-0.010073374389702572
2019-05-22,0.0024596922232125173
2019-05-23,-0.006887993870017373
2019-05-24,0.016046067214389392
2019-05-27,0.006809330661248669
2019-05-28,0.0003354368016101894
2019-05-29,-0.005671205333752538
2019-05-30,0.007149487319284775
2019-05-31,-0.0019337668306382838
2019-06-03,0.013901936014629301
2019-06-04,-0.005534114111566901
2019-06-06,-0.014798333410505293
2019-06-07,0.0022712730870713127
2019-06-10,0.004384747505377318
2019-06-11,0.0035981290613484873
2019-06-12,-0.004964181988503125
2019-06-13,0.0006592875347493088
2019-06-14,-0.007617057296864349
2019-06-17,-0.012784029548381648
2019-06-18,0.0016577587443133979
2019-06-19,-4.259905700743083e-06
2019-06-20,0.012000205478679637
2019-06-21,-0.009098433505187353
2019-06-24,-0.002085381356743965
2019-06-25,0.008273734808782462
2019-06-26,0.004331778503613437
2019-06-27,-0.0005064338279993086
2019-06-28,-0.004450447465215945
2019-07-01,0.006510389269786421
2019-07-02,0.003767209141051886
2019-07-03,0.0005415644793391738
2019-07-04,0.0025174649128327786
2019-07-05,-0.011350334557515662
2019-07-08,-0.02138240331360608
2019-07-09,-0.00023352472109261502
2019-07-10,-0.004932545113165099
2019-07-11,0.007305046321514741
2019-07-12,-0.0026245922523520093
2019-07-15,0.0031031905972733753
2019-07-16,0.006407297199588324
2019-07-17,0.0021350634900458854
2019-07-18,-0.007751838235294128
2019-07-19,-0.01531878214359883
2019-07-22,-0.006397075524881224
2019-07-23,-0.0013352832106081625
2019-07-24,-0.005273121293252303
2019-07-25,-0.0016989534831232112
2019-07-26,0.0028571795564771296
2019-07-29,-0.008427603929443195
2019-07-30,-0.009276785013729971
2019-07-31,0.00294076968140633
2019-08-01,-0.012412304371289817
2019-08-02,0.0015801101434427256
2019-08-05,-0.012252952282714391
2019-08-06,0.007884888857643269
2019-08-07,-0.00847167355513434
2019-08-08,0.016300510829763803
2019-08-09,0.006997556657477588
2019-08-13,-0.01654424529912324
2019-08-14,0.009477595331455646
2019-08-16,0.0016682152620135504
2019-08-19,0.0005521991749806165
2019-08-20,-0.0033382235519596737
2019-08-21,-0.008922556475220111
2019-08-22,-0.016242829527789215
2019-08-23,0.008192639025843995
2019-08-26,0.021100066785376237
2019-08-27,0.004295591066795668
2019-08-28,-0.005335266523260329
2019-08-29,-0.0088537862364102
2019-08-30,0.006845829640179435
2019-09-03,-0.02044311880570615
2019-09-04,0.004329545403159107
2019-09-05,0.000299686931614751
2019-09-06,0.009061643373168504
2019-09-09,0.005193547382711383
2019-09-11,0.0029673946046386845
2019-09-12,-0.00479356902496042
2019-09-13,0.008476944640087414
2019-09-16,-0.006536749886833726
2019-09-17,-0.01689465993774708
2019-09-18,0.002130859163064436
2019-09-19,-0.012531589991591652
2019-09-20,0.05319112930777714
2019-09-23,0.028915576657539077
2019-09-24,-0.0010344649056013289
2019-09-25,-0.012771612287114875
2019-09-26,0.01145084856589107
2019-09-27,-0.005081564893442914
2019-09-30,-0.003296462425282254
2019-10-01,-0.009983032105041145
2019-10-03,-0.004040562773145462
2019-10-04,-0.012307760296977222
2019-10-07,-0.0043266837625002275
2019-10-09,0.01679783285706482
2019-10-10,-0.006960833829169011
2019-10-11,0.006275284833450412
2019-10-14,0.003193315072573366
2019-10-15,0.007684353972992053
2019-10-16,0.003123841334461419
2019-10-17,0.010672506051552677
2019-10-18,0.006516288783389612
2019-10-22,-0.006302602285396697
2019-10-23,0.001359123648397631
2019-10-24,-0.0018527934715960592
2019-10-25,0.00011230477560042473
2019-10-29,0.017519938181983052
2019-10-30,0.004857107869982835
2019-10-31,0.0028157974888274317
2019-11-01,0.0011070906504571099
2019-11-04,0.004263888868356602
2019-11-05,-0.002018173043904281
2019-11-06,0.004099084396871566
2019-11-07,0.003844209304726398
2019-11-08,-0.008649599006986697
2019-11-11,0.0004450569159482054
2019-11-13,-0.006127528029514329
2019-11-14,0.002672990768123773
2019-11-15,0.001966845520657623
2019-11-18,-0.0009205364347466549
2019-11-19,0.004678329704657314
2019-11-20,0.004941332311304558
2019-11-21,-0.002558460196964596
2019-11-22,-0.004511881140131235
2019-11-25,0.013374538722098483
2019-11-26,-0.0029858001604721185
2019-11-27,0.005233557820665036
2019-11-28,0.004169196368656758
2019-11-29,-0.007826467690735917
2019-12-02,-0.0006510929783939412
2019-12-03,-0.004481997238144242
2019-12-04,0.004085307832292884
2019-12-05,-0.00205923710353606
2019-12-06,-0.008062669529681155
2019-12-09,0.001342112989137334
2019-12-10,-0.006760225785340301
2019-12-11,0.0044995771891509495
2019-12-12,0.005176207859728388
2019-12-13,0.009597587037832866
2019-12-16,-0.0027095898360001147
2019-12-17,0.009212731336046609
2019-12-18,0.004656834412248179
2019-12-19,0.003113311498149862
2019-12-20,0.000986941701855537
2019-12-23,-0.0007374472230261553
2019-12-24,-0.003930618769240168
2019-12-26,-0.007204522590446127
2019-12-27,0.009833794601157297
2019-12-30,0.0008206736062803532
2019-12-31,-0.007131240742024536
2020-01-01,0.001154609211690083
2020-01-02,0.008183886337984836
2020-01-03,-0.004522789386603554
2020-01-06,-0.019105853072941215
2020-01-07,0.004994592001242859
2020-01-08,-0.0022899444111396106
2020-01-09,0.015845758122611686
2020-01-10,0.0033480474426501594
2020-01-13,0.0059354808073293075
2020-01-14,0.0026562202609821117
2020-01-15,-0.0015369308543056182
2020-01-16,0.000988406301843714
2020-01-17,-0.000254978804985595
2020-01-20,-0.010346193941151438
2020-01-21,-0.004474618385662321
2020-01-22,-0.005172555189302153
2020-01-23,0.0060667236352978104
2020-01-24,0.005574584704263197
2020-01-27,-0.010552527912150667
2020-01-28,-0.005214967844912932
2020-01-29,0.006113256399948197
2020-01-30,-0.0077249841553650445
2020-01-31,-0.006123414854723341
2020-02-03,-0.021250384719316173
2020-02-04,0.02321082268667074
2020-02-05,0.009140500467834434
2020-02-06,0.004036661230167438
2020-02-07,-0.0032625431230384194
2020-02-10,-0.005525514763038308
2020-02-11,0.006350030388978967
2020-02-12,0.0077056964194832656
2020-02-13,-0.0021759994314084485
2020-02-14,-0.005026854435148831
2020-02-17,-0.00558473346026378
2020-02-18,-0.004424762618648104
2020-02-19,0.011123651500938081
2020-02-20,-0.003715252459506435
2020-02-24,-0.02081386879900149
2020-02-25,-0.002662856861702312
2020-02-26,-0.010120477938589723
2020-02-27,-0.003870376787472707
2020-02-28,-0.03709607866493836
2020-03-02,-0.006159751824491688
2020-03-03,0.015319647408546855
2020-03-04,-0.004626950146523701
2020-03-05,0.0015998577904186018
2020-03-06,-0.024806975302821943
2020-03-09,-0.048956043335951605
2020-03-11,0.0006649981756232659
2020-03-12,-0.08301938801064712
2020-03-13,0.03806507612689369
2020-03-16,-0.07612100106679087
2020-03-17,-0.02504518409052825
2020-03-18,-0.05556454027271507
2020-03-19,-0.024247781753128472
2020-03-20,0.058329146858465686
2020-03-23,-0.12980466070471242
2020-03-24,0.02507142402516349
2020-03-25,0.06624746894667499
2020-03-26,0.038904356430389475
2020-03-27,0.0021755381634551707
2020-03-30,-0.04378053643081892
2020-03-31,0.03823772271336057
2020-04-01,-0.04000467509668226
2020-04-03,-0.020596574186770744
2020-04-07,0.08763210467115035
2020-04-08,-0.004941902407507137
2020-04-09,0.04150883161880259
2020-04-13,-0.01295567073707915
2020-04-15,-0.007621853562688519
2020-04-16,0.007562771164790316
2020-04-17,0.03046328187687486
2020-04-20,-0.0005288143766692954
2020-04-21,-0.030274667144095657
2020-04-22,0.02291941778872575
2020-04-23,0.01377995587701486
2020-04-24,-0.017124941572334906
2020-04-27,0.013971358975458648
2020-04-28,0.010622430648890235
2020-04-29,0.018383013524196468
2020-04-30,0.03208830345213909
2020-05-04,-0.05744483901313502
2020-05-05,-0.009458265521601117
2020-05-06,0.007093593467121684
2020-05-07,-0.007750119504051356
2020-05-08,0.0057016970693835045
2020-05-11,-0.0013294930214019507
2020-05-12,-0.004616242718351149
2020-05-13,0.02033371253039773
2020-05-14,-0.025661909373274727
2020-05-15,-0.0006453627874545287
2020-05-18,-0.034322509703259896
2020-05-19,0.00632982284022332
2020-05-20,0.021111396826158035
2020-05-21,0.004378754451001221
2020-05-22,-0.0073575840768702605
2020-05-26,-0.0011284338094974533
2020-05-27,0.03166450477176164
2020-05-28,0.018803043536468778
2020-05-29,0.009504662651105722
2020-06-01,0.025662097319460564
2020-06-02,0.015565527970742954
2020-06-03,0.008262288035990828
2020-06-04,-0.003225168681009971
2020-06-05,0.011272276241460544
2020-06-08,0.002494520758722585
2020-06-09,-0.011881032349997822
2020-06-10,0.006917728526201428
2020-06-11,-0.021169158460066062
2020-06-12,0.00716020911179549
2020-06-15,-0.015963279394844432
2020-06-16,0.010220386061458031
2020-06-17,-0.0033134566648174157
2020-06-18,0.021303187551898528
2020-06-19,0.015136275444292302
2020-06-22,0.006520616350433883
2020-06-23,0.015497691991291696
2020-06-24,-0.015824677233549855
2020-06-25,-0.001591357298992957
2020-06-26,0.00914574014738645
2020-06-29,-0.006799538608783573
2020-06-30,-0.0009988732845714887
2020-07-01,0.012419817334717198
2020-07-02,0.011663452514898642
2020-07-03,0.005273976044848361
2020-07-06,0.014735139974255018
2020-07-07,0.003344590235981215
2020-07-08,-0.00869476207364206
2020-07-09,0.010060032721901813
2020-07-10,-0.004198511095439339
2020-07-13,0.003217889149241815
2020-07-14,-0.01808349601540049
2020-07-15,0.0010229309240368245
2020-07-16,0.011466161662100571
2020-07-17,0.01506059125586967
2020-07-20,0.011053321760931656
2020-07-21,0.012706156865764484
2020-07-22,-0.0026563094918139463
2020-07-23,0.007442159858846331
2020-07-24,-0.0018991484351116306
2020-07-27,-0.005569925698846956
2020-07-28,0.0151592736988444
2020-07-29,-0.008645614328603224
2020-07-30,-0.008988714680747911
2020-07-31,-0.002585102372305803
2020-08-03,-0.016422215545293994
2020-08-04,0.018697932161379383
2020-08-05,0.0005768586219327965
2020-08-06,0.008872554668374333
2020-08-07,0.0012410024488720417
2020-08-10,0.005002705259437024
2020-08-11,0.004644978776729314
2020-08-12,-0.0012452735151247118
2020-08-13,-0.0007030344733010008
2020-08-14,-0.010800437378868932
2020-08-17,0.0061457110453491115
2020-08-18,0.012292057935075373
2020-08-19,0.002024600213507588
2020-08-20,-0.008432399987605033
2020-08-21,0.005250916093857194
2020-08-24,0.008341006471886514
2020-08-25,0.0005058064691958464
2020-08-26,0.0067423225064831005
2020-08-27,0.0008355606212675504
2020-08-28,0.007643195654994939
2020-08-31,-0.022330747801946216
2020-09-01,0.007266739846322645
2020-09-02,0.005645038251127943
2020-09-03,-0.0006545127600779965
2020-09-04,-0.016794744948559814
2020-09-07,0.0018705202595032944
2020-09-08,-0.0033201259317187093
2020-09-09,-0.003476927967516641
2020-09-10,0.015184429863450921
2020-09-11,0.0013276149365679668
2020-09-14,-0.0021283524468515003
2020-09-15,0.007145947910690342
2020-09-16,0.0071820376506051
2020-09-17,-0.007622027291120936
2020-09-18,-0.0009681588767627147
2020-09-21,-0.02211225483867385
2020-09-22,-0.00861286032635733
2020-09-23,-0.0019545871070447696
2020-09-24,-0.029312272096516434
2020-09-25,0.022645788482354545
2020-09-28,0.016044868187371275
2020-09-29,-0.0004586409458945395
2020-09-30,0.002241001317642377
2020-10-01,0.015061092732783665
2020-10-05,0.0075676439490797165
2020-10-06,0.013826475474619793
2020-10-07,0.006555187284725372
2020-10-08,0.008156676606839941
2020-10-09,0.0067260903253916204
2020-10-12,0.0014058853909966196
2020-10-13,0.0002975290843887368
2020-10-14,0.0030625333853533387
2020-10-15,-0.02428360085835335
2020-10-16,0.007028949362235082
2020-10-19,0.009402769621849272
2020-10-20,0.002000328507897331
2020-10-21,0.0034337457642519276
2020-10-22,-0.0034512817819539743
2020-10-23,0.0028495402835257977
2020-10-26,-0.013629073304543216
2020-10-27,0.010337608346965288
2020-10-28,-0.013440608945763599
2020-10-29,-0.005012942184360991
2020-10-30,-0.002433373422367602
2020-11-02,0.002297636149117599
2020-11-03,0.01237019016319918
2020-11-04,0.008041647267956087
2020-11-05,0.017785598915690537
2020-11-06,0.011819014571289532
2020-11-09,0.016104635537461442
2020-11-10,0.01364650710436388
2020-11-11,0.009346041508720315
2020-11-12,-0.004576821525331454
2020-11-13,0.002296970330761372
2020-11-17,0.012126619808373373
2020-11-18,0.004975051165572175
2020-11-19,-0.01287266861341374
2020-11-20,0.00683930941371913
2020-11-23,0.005241475198302092
2020-11-24,0.0099563448098976
2020-11-25,-0.015070680468092346
2020-11-26,0.010001213639976747
2020-11-27,-0.001389836350773832
2020-12-01,0.010802694687318537
2020-12-02,0.0003585458429504751
2020-12-03,0.0015365849299400214
2020-12-04,0.009490662358873525
2020-12-07,0.007331133249439903
2020-12-08,0.002785331809333158
2020-12-09,0.010165752285866914
2020-12-10,-0.0037548548058806697
2020-12-11,0.002637558535026452
2020-12-14,0.0032781762806703973
2020-12-15,0.0007153791977927426
2020-12-16,0.008464907059269056
2020-12-17,0.004238929390550483
2020-12-18,0.0014445849987885229
2020-12-21,-0.0314049525779333
2020-12-22,0.010346283876607965
2020-12-23,0.010010159185716239
2020-12-24,0.01089253037474136
2020-12-28,0.009015051389166695
2020-12-29,0.004281594241144937
2020-12-30,0.003542094606974411
2020-12-31,-1.4318125132972703e-05
2021-01-01,0.0026284263414808606
2021-01-04,0.00816067272711063
2021-01-05,0.004712380865514287
2021-01-06,-0.0037501320469031096
2021-01-07,-0.0006291696120880319
2021-01-08,0.014847223590326086
2021-01-11,0.009583718134137165
2021-01-12,0.005433314024232416
2021-01-13,9.609083312889233e-05
2021-01-14,0.002111247340323086
2021-01-15,-0.011092344158201595
2021-01-18,-0.010558650142566628
2021-01-19,0.016794730817062842
2021-01-20,0.008508265623863087
2021-01-21,-0.0037112802046228577
2021-01-22,-0.014972171647596122
2021-01-25,-0.009254169343308138
2021-01-27,-0.019060488041877988
2021-01-28,-0.010735650281904374
2021-01-29,-0.013240422354072856
2021-02-01,0.047423511101338356
2021-02-02,0.02567357148195737
2021-02-03,0.009701122671723184
2021-02-04,0.0071467580293813615
2021-02-05,0.0019199973566108586
2021-02-08,0.01283480273296811
2021-02-09,-0.0004300136336804483
2021-02-10,-0.00018530340410816137
2021-02-11,0.004421924647502795
2021-02-12,-0.0006590524229219685
2021-02-15,0.00998465984153385
2021-02-16,-8.162092525865194e-05
2021-02-17,-0.006827318687430917
2021-02-18,-0.005914312869584326
2021-02-19,-0.009074717063029758
2021-02-22,-0.020428174591586412
2021-02-23,0.0021872625461001327
2021-02-24,0.01864318245786234
2021-02-25,0.007699213013950157
2021-02-26,-0.03763569324758598
2021-03-01,0.015995389118723446
2021-03-02,0.010672985341787733
2021-03-03,0.021884698711632122
2021-03-04,-0.010812930524138231
2021-03-05,-0.009459104528952489
2021-03-08,0.0012117060677612201
2021-03-09,0.00950777560179139
2021-03-10,0.005060099883821945
2021-03-12,-0.009479506235763657
2021-03-15,-0.006749419963093084
2021-03-16,-0.001275984104457617
2021-03-17,-0.012685759862868795
2021-03-18,-0.011102973071742905
2021-03-19,0.012786942826028547
2021-03-22,-0.000515437423697751
2021-03-23,0.00531673999743143
2021-03-24,-0.017911176994211853
2021-03-25,-0.015430189146808937
2021-03-26,0.012733031929623273
2021-03-30,0.02328481586755049
2021-03-31,-0.010400699094332388
2021-04-01,0.012024574166918489
2021-04-05,-0.015439860548026041
2021-04-06,0.003122067245233451
2021-04-07,0.009231436965811968
2021-04-08,0.0036945688638336804
2021-04-09,-0.0026187118170183377
2021-04-12,-0.03532558930400764
2021-04-13,0.013556195506029933
2021-04-15,0.005284484560774683
2021-04-16,0.002496282165007191
2021-04-19,-0.017676978554819645
2021-04-20,-0.004390823034999047
2021-04-22,0.007676757575422188
2021-04-23,-0.004498133053794207
2021-04-26,0.010016518287169873
2021-04-27,0.011601643402658013
2021-04-28,0.014433855260107098
2021-04-29,0.0020418099664161193
2021-04-30,-0.017710812045177438
2021-05-03,0.00020851346320172048
2021-05-04,-0.00940610742344028
2021-05-05,0.0083709591539336
2021-05-06,0.0073164109749706
2021-05-07,0.006679247748155426
2021-05-10,0.008041422748121585
2021-05-11,-0.006130201191218876
2021-05-12,-0.0103866808073666
2021-05-14,-0.0012724250884564858
2021-05-17,0.01671576048197254
2021-05-18,0.012393443335275034
2021-05-19,-0.005159432408138875
2021-05-20,-0.00825677606093067
2021-05-21,0.01806313567497475
2021-05-24,0.001476108604989923
2021-05-25,0.0007073438653115716
2021-05-26,0.006115021504864648
2021-05-27,0.002378821196545866
2021-05-28,0.006376433707514062
2021-05-31,0.009533088035724946
2021-06-01,-0.0005101904286871628
2021-06-02,8.67158252806366e-05
2021-06-03,0.0073284506253876724
2021-06-04,-0.001281017305247989
2021-06-07,0.0051945814919991395
2021-06-08,-0.0007333060957773752
2021-06-09,-0.006654976944212576
2021-06-10,0.0065492869160790335
2021-06-11,0.003914130633349666
2021-06-14,0.0007911718082738162
2021-06-15,0.003630213545097627
2021-06-16,-0.006408632752808119
2021-06-17,-0.0048295020472909345
2021-06-18,-0.000513069646403852
2021-06-21,0.004026588209654625
2021-06-22,0.0016670371193598932
2021-06-23,-0.005439749231269109
2021-06-24,0.006597840798329813
2021-06-25,0.0044266891189239654
2021-06-28,-0.0028782098242977616
2021-06-29,-0.0041891404314852165
2021-06-30,-0.0017112919035373597
2021-07-01,-0.002639697229908089
2021-07-02,0.002691338986766656
2021-07-05,0.007133188273225066
2021-07-06,-0.0010167521731027085
2021-07-07,0.0038816171589777237
2021-07-08,-0.0095562557277451
2021-07-09,-0.0024224839292732447
2021-07-12,0.00017844744498685117
2021-07-13,0.007630985495128417
2021-07-14,0.0026308921169333477
2021-07-15,0.004431072328003882
2021-07-16,-5.0225736783704455e-05
2021-07-19,-0.010738912280361723
2021-07-20,-0.0076369809214345
2021-07-22,0.012279233123449584
2021-07-23,0.002022238326785386
2021-07-26,-0.0019929055322251976
2021-07-27,-0.004929081202650898
2021-07-28,-0.002352898858342667
2021-07-29,0.004395444954646832
2021-07-30,-0.000976039499086867
2021-08-02,0.007746000136419795
2021-08-03,0.015460955882416139
2021-08-04,0.007938242467802281
2021-08-05,0.0022018725316477195
2021-08-06,-0.003461233501561467
2021-08-09,0.0012347307242392969
2021-08-10,0.0013439090538649445
2021-08-11,0.00013208706805212245
2021-08-12,0.005045395484346349
2021-08-13,0.010064482340847336
2021-08-16,0.002054024277023725
2021-08-17,0.0031122785775283823
2021-08-18,-0.00275360231817956
2021-08-20,-0.007142898400624986
2021-08-23,0.0027931806783987323
2021-08-24,0.007768362083601765
2021-08-25,0.0006045728309951315
2021-08-26,0.00013525983096518424
2021-08-27,0.004105261588480014
2021-08-30,0.013519836521704187
2021-08-31,0.011880446175423387
2021-09-01,-0.00326573477436376
2021-09-02,0.009246783727399066
2021-09-03,0.005190230833697296
2021-09-06,0.0031287476677577253
2021-09-07,-0.0009035189246697772
2021-09-08,-0.0004953092983268625
2021-09-09,0.0009075978909154347
2021-09-13,-0.000803098507419775
2021-09-14,0.001423151293159064
2021-09-15,0.00802354538262362
2021-09-16,0.006281634763507293
2021-09-17,-0.002515647600612625
2021-09-20,-0.010705054879733056
2021-09-21,0.00949017386246398
2021-09-22,-0.0008740239935656202
2021-09-23,0.015746528367181822
2021-09-24,0.0016972499684944076
2021-09-27,0.00010644538279747096
2021-09-28,-0.0059646824901542495
2021-09-29,-0.0021015082285871234
2021-09-30,-0.005259376020738893
2021-10-01,-0.004886983449795879
2021-10-04,0.009080467581137563
2021-10-05,0.007407660919946268
2021-10-06,-0.009892144870289554
2021-10-07,0.008180302016037588
2021-10-08,0.005893622760496431
2021-10-11,0.0028359561343596074
2021-10-12,0.0025632525445875576
2021-10-13,0.00943759784921161
2021-10-14,0.009734787740718787
2021-10-18,0.007552396132719963
2021-10-19,-0.003155307734996393
2021-10-20,-0.008260625212080042
2021-10-21,-0.004844908296702255
2021-10-22,-0.003476668084567369
2021-10-25,0.000579633328010587
2021-10-26,0.007889480889700096
2021-10-27,-0.0031448386638428527
2021-10-28,-0.0194223384240636
2021-10-29,-0.010393515763905459
2021-11-01,0.014599655057507821
2021-11-02,-0.002270048271341696
2021-11-03,-0.0033400508475575075
2021-11-04,0.004913376165984751
2021-11-08,0.008469704042186388
2021-11-09,-0.001344921435271762
2021-11-10,-0.0014991358050348014
2021-11-11,-0.007970140510272006
2021-11-12,0.012820606684330382
2021-11-15,0.0003700663573213969
2021-11-16,-0.006087981951756416
2021-11-17,-0.005586294529162039
2021-11-18,-0.007478195643460861
2021-11-22,-0.019603372100156835
2021-11-23,0.004983697932798847
2021-11-24,-0.0050446817378146935
2021-11-25,0.006959452503032093
2021-11-26,-0.029071254187753914
2021-11-29,0.0016151341742889347
2021-11-30,-0.004148599194972014
2021-12-01,0.01081664117042136
2021-12-02,0.013674571102433752
2021-12-03,-0.01177768586739425
2021-12-06,-0.01654091957599968
2021-12-07,0.015636548581649423
2021-12-08,0.017060948527881648
2021-12-09,0.002696066593683266
2021-12-10,-0.00031677089480919296
2021-12-13,-0.008169055116863166
2021-12-14,-0.002495911181322197
2021-12-15,-0.005974060321640162
2021-12-16,0.0015678167505297491
2021-12-17,-0.01525945397337003
2021-12-20,-0.021842546279377872
2021-12-21,0.00942870544420904
2021-12-22,0.011007170994593363
2021-12-23,0.006909306212627531
2021-12-24,-0.004032754879180422
2021-12-27,0.004851870910828504
2021-12-28,0.008603409174043453
2021-12-29,-0.0011402602889762914
2021-12-30,-0.0005606259494814747
2021-12-31,0.008724831757606522
2022-01-03,0.015653315812207858
2022-01-04,0.01018687423526421
2022-01-05,0.0067395852346920915
2022-01-06,-0.010005417462796928
2022-01-07,0.003764183651131514
2022-01-10,0.010700318921871732
2022-01-11,0.002913311252602302
2022-01-12,0.008673115731830494
2022-01-13,0.0024956237305924223
2022-01-14,-0.00011232356375068253
2022-01-17,0.0028675682661627455
2022-01-18,-0.010653690567923424
2022-01-19,-0.00964224043394124
2022-01-20,-0.010112406160797005
2022-01-21,-0.007875745304668613
2022-01-24,-0.02656790518738339
2022-01-25,0.007513491221694313
2022-01-27,-0.00971173291462768
2022-01-28,-0.0004793161771092791
2022-01-31,0.0139107178709299
2022-02-01,0.013667938611870323
2022-02-02,0.011557838585399605
2022-02-03,-0.012362248664229525
2022-02-04,-0.0024998826581151823
2022-02-07,-0.017281112927623465
2022-02-08,0.0030876976246183574
2022-02-09,0.01141215233034587
2022-02-10,0.008133901085124018
2022-02-11,-0.01312629691281364
2022-02-14,-0.03061622289529342
2022-02-15,0.03025912638397754
2022-02-16,-0.0017432697608654735
2022-02-17,-0.001016014719190439
2022-02-18,-0.0016353356196504576
2022-02-21,-0.004031556958107085
2022-02-22,-0.006651566067580439
2022-02-23,-0.0016937094155936583
2022-02-24,-0.04778103847083648
2022-02-25,0.025261660109649586
2022-02-28,0.008134034290366632
2022-03-02,-0.011191633122935585
2022-03-03,-0.00649757722841704
2022-03-04,-0.015317032007332254
2022-03-07,-0.02352668473994779
2022-03-08,0.009474776509483585
2022-03-09,0.020726290088294297
2022-03-10,0.01526738719047449
2022-03-11,0.0021421537513466316
2022-03-14,0.014482565042708062
2022-03-15,-0.012346456503312231
2022-03-16,0.018745100484606647
2022-03-17,0.018361988356508263
2022-03-21,-0.009802202470463706
2022-03-22,0.011561223252155806
2022-03-23,-0.0040339354552280104
2022-03-24,-0.0013278937068936791
2022-03-25,-0.004049875890900112
2022-03-28,0.004022619949862971
2022-03-29,0.005998187274997013
2022-03-30,0.009982465582194733
2022-03-31,-0.001914477162001882
2022-04-01,0.011777965258592316
2022-04-04,0.021671841339984343
2022-04-05,-0.005317557796472028
2022-04-06,-0.008339180323571727
2022-04-07,-0.00943974110495216
2022-04-08,0.008208759390795572
2022-04-11,-0.006151497975913078
2022-04-12,-0.008183810641252287
2022-04-13,-0.0031174816283502382
2022-04-18,-0.017281188010147552
2022-04-19,-0.012519178806467801
2022-04-20,0.010490244596548015
2022-04-21,0.014941678252146096
2022-04-22,-0.012686452605167986
2022-04-25,-0.012695122564301942
2022-04-26,0.014560121616207233
2022-04-27,-0.009441443610115341
2022-04-28,0.012128508890934642
2022-04-29,-0.008263240381694681
2022-05-02,-0.0019559171203674675
2022-05-04,-0.022936183451936376
2022-05-05,0.00030284821366977077
2022-05-06,-0.0162684216398562
2022-05-09,-0.006666182687180999
2022-05-10,-0.003790968888092272
2022-05-11,-0.0044919933245182175
2022-05-12,-0.022211752141785834
2022-05-13,-0.0016352232651188903
2022-05-16,0.0038112305721171857
2022-05-17,0.026321935902047233
2022-05-18,-0.0011685620062508173
2022-05-19,-0.026532725334179386
2022-05-20,0.028891038794289337
2022-05-23,-0.0031630222318707046
2022-05-24,-0.005522754266735541
2022-05-25,-0.006161219184365629
2022-05-26,0.009007387318995308
2022-05-27,0.011273847198922216
2022-05-30,0.018893205092962884
2022-05-31,-0.004612433983534836
2022-06-01,-0.0037264067061659745
2022-06-02,0.006370004993115463
2022-06-03,-0.002628050201467391
2022-06-06,-0.0008893953501298846
2022-06-07,-0.009245946006475991
2022-06-08,-0.0036609606157923524
2022-06-09,0.00744972774168895
2022-06-10,-0.016767698414100085
2022-06-13,-0.026379749115209128
2022-06-14,-0.00268160945598539
2022-06-15,-0.0025393443813560568
2022-06-16,-0.021128447854290244
2022-06-17,-0.00436829362663993
2022-06-20,0.0037042135956451006
2022-06-21,0.018804337854487096
2022-06-22,-0.014419265085317434
2022-06-23,0.009300447519609234
2022-06-24,0.009166472588529428
2022-06-27,0.008458990377725017
2022-06-28,0.0011464333961117568
2022-06-29,-0.0032239710103227903
2022-06-30,-0.001193081241402827
2022-07-01,-0.0017870563085186086
2022-07-04,0.005288188249805481
2022-07-05,-0.0015471713984448465
2022-07-06,0.011318189707300252
2022-07-07,0.00894949203151052
2022-07-08,0.005436047866567373
2022-07-11,-0.00028356592763323363
2022-07-12,-0.0097249750439381
2022-07-13,-0.005707292501522909
2022-07-14,-0.0017536552323109689
2022-07-15,0.0069359576863876615
2022-07-18,0.014287304158276504
2022-07-19,0.003811764271124396
2022-07-20,0.01103388850696918
2022-07-21,0.005108719746296009
2022-07-22,0.006877295960614926
2022-07-25,-0.005290199311757782
2022-07-26,-0.00884795806776506
2022-07-27,0.0095821774414373
2022-07-28,0.017293731123692924
2022-07-29,0.013505953826479233
2022-08-01,0.010595531668439406
2022-08-02,0.000311327663805816
2022-08-03,0.002461808358865669
2022-08-04,-0.0003537116074355806
2022-08-05,0.0008917270739845495
2022-08-08,0.007334364671648164
2022-08-10,0.0005506610997998429
2022-08-11,0.007085929368824795
2022-08-12,0.0022170219505635025
2022-08-16,0.007181519343531395
2022-08-17,0.006675923198833145
2022-08-18,0.0006826699360520383
2022-08-19,-0.011029475746944017
2022-08-22,-0.0150773300473388
2022-08-23,0.00496268217550444
2022-08-24,0.001561611079505143
2022-08-25,-0.004686182219266755
2022-08-26,0.002080255529346653
2022-08-29,-0.014009988924553851
2022-08-30,0.02578426378902554
2022-09-01,-0.012190795272107646
2022-09-02,-0.0001910505934481499
2022-09-05,0.007203850071011875
2022-09-06,-0.0005774531254664206
2022-09-07,-0.0017671004916441913
2022-09-08,0.009892512965589573
2022-09-09,0.0019439347917691308
2022-09-12,0.005775695663245095
2022-09-13,0.007454201929980142
2022-09-14,-0.0036690976717561608
2022-09-15,-0.007017960667916379
2022-09-16,-0.019384853148544656
2022-09-19,0.0052136885924867205
2022-09-20,0.011008809885230342
2022-09-21,-0.005495005437451739
2022-09-22,-0.004997577656902563
2022-09-23,-0.017155677232420508
2022-09-26,-0.017951321762256445
2022-09-27,-0.0005230508522044985
2022-09-28,-0.00874917846539458
2022-09-29,-0.0024023347691036756
2022-09-30,0.01642575596626905
2022-10-03,-0.012109264448790458
2022-10-04,0.02291367093271912
2022-10-06,0.0033286441360573793
2022-10-07,-0.0009895331040011834
2022-10-10,-0.00425364584114718
2022-10-11,-0.014932383199930399
2022-10-12,0.008246145339619648
2022-10-13,-0.006380083772817624
2022-10-14,0.010070888003887335
2022-10-17,0.007337586960815656
2022-10-18,0.010117285874136073
2022-10-19,0.0014468379208691928
2022-10-20,0.0029521745492440132
2022-10-21,0.0007032337856462956
2022-10-24,0.008787356376761757
2022-10-25,-0.004196122026705051
2022-10-27,0.004564907874966551
2022-10-28,0.002810605244745412
2022-10-31,0.012672230395564199
2022-11-01,0.007395053222392978
2022-11-02,-0.003447197631545107
2022-11-03,-0.0016673473084335422
2022-11-04,0.003570168155688336
2022-11-07,0.004727586225111935
2022-11-09,-0.002516139235956394
2022-11-10,-0.007093725904609771
2022-11-11,0.017833173247033374
2022-11-14,-0.0011198455015547504
2022-11-15,0.004050924260950772
2022-11-16,0.0003396111515991951
2022-11-17,-0.00357149639481924
2022-11-18,-0.00197613371355454
2022-11-21,-0.008067729540576885
2022-11-22,0.00463933015368867
2022-11-23,0.0012634580983039712
2022-11-24,0.011870949889830174
2022-11-25,0.0015500019600884762
2022-11-28,0.0027008413120686026
2022-11-29,0.00297912654375021
2022-11-30,0.007535634625419174
2022-12-01,0.002886735334004964
2022-12-02,-0.006187396179402005
2022-12-05,0.00026482378562620035
2022-12-06,-0.0031175136590962937
2022-12-07,-0.004411902750398933
2022-12-08,0.002631912360927746
2022-12-09,-0.006058782405979346
2022-12-12,2.977743269738653e-05
2022-12-13,0.0059927938646799905
2022-12-14,0.002810661073194387
2022-12-15,-0.013150934355333654
2022-12-16,-0.00792295301794177
2022-12-19,0.008289956688926514
2022-12-20,-0.0019081205394395617
2022-12-21,-0.01012771964355863
2022-12-22,-0.003942502735851727
2022-12-23,-0.01768316025411787
2022-12-26,0.011669632893506865
2022-12-27,0.006533654614990558
2022-12-28,-0.0005405150382313817
2022-12-29,0.00377983170092433
2022-12-30,-0.00471107793689185
2023-01-02,0.005089583355357918
2023-01-03,0.00192892762485819
2023-01-04,-0.010399069487028845
2023-01-05,-0.0028154392892826285
2023-01-06,-0.007375503705446151
2023-01-09,0.013536251708490266
2023-01-10,-0.010333504750958511
2023-01-11,-0.0010299775022909463
2023-01-12,-0.00209547554088918
2023-01-13,0.005510095918388247
2023-01-16,-0.003438847072569362
2023-01-17,0.008854568511824201
2023-01-18,0.006206556323560042
2023-01-19,-0.003165367099256078
2023-01-20,-0.004428975305189153
2023-01-23,0.005042276095628795
2023-01-24,-1.3798013043020418e-05
2023-01-25,-0.01249297962501228
2023-01-27,-0.016074246906178757
2023-01-30,0.0025334426073457816
2023-01-31,0.0007479862801675896
2023-02-01,-0.0025959245256645946
2023-02-02,-0.0003349392530399564
2023-02-03,0.013835596307890219
2023-02-06,-0.005010133160870178
2023-02-07,-0.0024261514654264627
2023-02-08,0.008475536424681795
2023-02-09,0.0012170079483646568
2023-02-10,-0.0020649578680046465
2023-02-13,-0.00479375070002519
2023-02-14,0.0089443537049958
2023-02-15,0.004796470794436125
2023-02-16,0.0011101336008929596
2023-02-17,-0.005081567689351307
2023-02-20,-0.005550518480140765
2023-02-21,-0.001003126492992057
2023-02-22,-0.015280363131582653
2023-02-23,-0.002452434977984641
2023-02-24,-0.002595429723749043
2023-02-27,-0.004185411445805309
2023-02-28,-0.0051027157362857345
2023-03-01,0.008492348770636093
2023-03-02,-0.007392168719804415
2023-03-03,0.015728598629827895
2023-03-06,0.006655523618366965
2023-03-08,0.0024250512391459367
2023-03-09,-0.009282249899975281
2023-03-10,-0.010045664635585094
2023-03-13,-0.014851035931626178
2023-03-14,-0.006470680525861194
2023-03-15,-0.004174683738684903
2023-03-16,0.0007924286811309411
2023-03-17,0.006738129621978839
2023-03-20,-0.0065292432199922645
2023-03-21,0.007010642946744028
2023-03-22,0.0025953757489405316
2023-03-23,-0.004372693304643627
2023-03-24,-0.007720933328590696
2023-03-27,0.0023988383407489433
2023-03-28,-0.002001683861354908
2023-03-29,0.007609856589321451
2023-03-31,0.016337198944623932
2023-04-03,0.002206297973761151
2023-04-05,0.009138954817361267
2023-04-06,0.002397874785437182
2023-04-10,0.0014148632219350699
2023-04-11,0.005574768321964241
2023-04-12,0.005083967961446945
2023-04-13,0.0008757724412713497
2023-04-17,-0.006795512150830185
2023-04-18,-0.0026373533282438855
2023-04-19,-0.002344283016240789
2023-04-20,0.0003234746363958152
2023-04-21,-2.260708945023282e-05
2023-04-24,0.006771973756565242
2023-04-25,0.0014568576938982503
2023-04-26,0.0024958627615121465
2023-04-27,0.005695152810193838
2023-04-28,0.008370013603697934
2023-05-02,0.004575166931912511
2023-05-03,-0.00318502836487633
2023-05-04,0.009173717607303677
2023-05-05,-0.010232406865540389
2023-05-08,0.010814123118324304
2023-05-09,8.480038171931881e-05
2023-05-10,0.0026908205008338015
2023-05-11,-0.0009882342854272697
2023-05-12,0.0009728797753729701
2023-05-15,0.004589120522186851
2023-05-16,-0.006106338807060685
2023-05-17,-0.005728269488420423
2023-05-18,-0.002849053652701161
2023-05-19,0.0040513721791914925
2023-05-22,0.006097761825706316
2023-05-23,0.001834600568861644
2023-05-24,-0.0034117947119577385
2023-05-25,0.001955111686716471
2023-05-26,0.009726420827874671
2023-05-29,0.005367798508963517
2023-05-30,0.0018925684396833287
2023-05-31,-0.0053370195013254795
2023-06-01,-0.0025169624936233204
2023-06-02,0.002507044360454902
2023-06-05,0.003223787573137793
2023-06-06,0.00027699431442118616
2023-06-07,0.006849851638528914
2023-06-08,-0.0049048192636628185
2023-06-09,-0.00381819725413457
2023-06-12,0.0020524046550352004
2023-06-13,0.0061635024393194016
2023-06-14,0.0021238341844009856
2023-06-15,-0.0036149041015322014
2023-06-16,0.0073790483520230765
2023-06-19,-0.0037475183921172883
2023-06-20,0.003265717567498605
2023-06-21,0.0021337637466720683
2023-06-22,-0.004539443817404343
2023-06-23,-0.005633615236065759
2023-06-26,0.0013768299134766515
2023-06-27,0.00675190341711196
2023-06-28,0.00822107281232487
2023-06-30,0.01143527476356887
2023-07-03,0.00695709243369369
2023-07-04,0.003438946519135566
2023-07-05,0.0004899685388621844
2023-07-06,0.00509321758125636
2023-07-07,-0.00848835445771845
2023-07-10,0.0012466303397029588
2023-07-11,0.004313930032438185
2023-07-12,-0.002834429471475497
2023-07-13,0.0015192303855748879
2023-07-14,0.007765114931427508
2023-07-17,0.007511013251041421
2023-07-18,0.001917706853032497
2023-07-19,0.004248282371482448
2023-07-20,0.007361412439498949
2023-07-21,-0.011719737128305097
2023-07-24,-0.0036794322929856182
2023-07-25,0.0004193703428323481
2023-07-26,0.004964339187534694
2023-07-27,-0.0059863783008722304
2023-07-28,-0.0007044597937843067
2023-07-31,0.005484562836559181
2023-08-01,-0.0010251191770254131
2023-08-02,-0.010489749274959825
2023-08-03,-0.007420685416911321
2023-08-04,0.006983389270114548
2023-08-07,0.004114401867602702
2023-08-08,-0.0013497354646058168
2023-08-09,0.003152707884763739
2023-08-10,-0.004556268458015711
2023-08-11,-0.005874136161590715
2023-08-14,0.00032169565781225984
2023-08-16,0.0015667570139761278
2023-08-17,-0.005124582584125403
2023-08-18,-0.0028452826260957353
2023-08-21,0.0043215209131937105
2023-08-22,0.00014693555773015454
2023-08-23,0.0024515199000461063
2023-08-24,-0.002946964680621278
2023-08-25,-0.006236153774081932
2023-08-28,0.002089194238900971
2023-08-29,0.0018957584743610756
2023-08-30,0.0002480956863764039
2023-08-31,-0.004840350603388277
2023-09-01,0.009426710188917609
2023-09-04,0.004810833701642592
2023-09-05,0.0023605960187407238
2023-09-06,0.0018467726478093027
2023-09-07,0.005915032360780392
2023-09-08,0.004709190366575022
2023-09-11,0.008900143420050854
2023-09-12,-0.0001575482868895195
2023-09-13,0.003841345269944396
2023-09-14,0.001649208239910216
2023-09-15,0.004439613877174287
2023-09-18,-0.002924316846098174
2023-09-20,-0.011518249945432046
2023-09-21,-0.007991939166498319
2023-09-22,-0.003449417659114995
2023-09-25,1.5288066889551644e-05
2023-09-26,-0.0005007261720755274
2023-09-27,0.002631619198663282
2023-09-28,-0.009783629666773708
2023-09-29,0.005877516917168757
2023-10-03,-0.005578424654468894
2023-10-04,-0.004744307271330683
2023-10-05,0.005641584105285702
2023-10-06,0.0055127073660514725
2023-10-09,-0.00718194675884698
2023-10-10,0.00909680297624016
2023-10-11,0.006170692128707245
2023-10-12,-0.0008757409120068171
2023-10-13,-0.0021698099802970328
2023-10-16,-0.0009772027556287366
2023-10-17,0.004041709427698992
2023-10-18,-0.007086812741337156
2023-10-19,-0.0023588102112444
2023-10-20,-0.004180896084593599
2023-10-23,-0.013350307425555652
2023-10-25,-0.008277236732921023
2023-10-26,-0.013853064912347501
2023-10-27,0.010075700327460302
2023-10-30,0.004916740769664862
2023-10-31,-0.0032026069828995363
2023-11-01,-0.004740624572936891
2023-11-02,0.007588523257266999
2023-11-03,0.005087980838331285
2023-11-06,0.00941990339899168
2023-11-07,-0.000260191958478706
2023-11-08,0.0018962926582819506
2023-11-09,-0.002478937369815082
2023-11-10,0.001549283945833313
2023-11-13,0.0009369804014345284
2023-11-15,0.011926753508604282
2023-11-16,0.004561522280999375
2023-11-17,-0.0016897597201204206
2023-11-20,-0.0019157289123818977
2023-11-21,0.0045394734754240496
2023-11-22,0.0014380348265852216
2023-11-23,-0.0004971574875239915
2023-11-24,-0.00036868908443588033
2023-11-28,0.004799264638990497
2023-11-29,0.010402389113554511
2023-11-30,0.0018187545137213768
2023-12-01,0.0066929416105065975
2023-12-04,0.020668169003769332
2023-12-05,0.008135565760247543
2023-12-06,0.003960643244200535
2023-12-07,-0.0017455990623970186
2023-12-08,0.003265370504707432
2023-12-11,0.001320935183362959
2023-12-12,-0.004319607014175553
2023-12-13,0.0009542158562574343
2023-12-14,0.012250087289956912
2023-12-15,0.012932779200891975
2023-12-18,-0.0017710126840955187
2023-12-19,0.0016083748565725031
2023-12-20,-0.01412146609423337
2023-12-21,0.004959794076523361
2023-12-22,0.004438926556610712
2023-12-26,0.004306875934107168
2023-12-27,0.0099527499207277
2023-12-28,0.005723881307796219
2023-12-29,-0.0021717930740454694
2024-01-01,0.00048317180721269004
2024-01-02,-0.003500136051024061
2024-01-03,-0.00685186637566948
2024-01-04,0.006564470186349425
2024-01-05,0.002410182228605562
2024-01-08,-0.00911070868564301
2024-01-09,0.0014804820050666745
2024-01-10,0.0034277152411805734
2024-01-11,0.0013183031833516878
2024-01-12,0.011426492637705898
2024-01-15,0.009267074694848665
2024-01-16,-0.0029482333845447517
2024-01-17,-0.020894393512082443
2024-01-18,-0.0050852715087356115
2024-01-19,0.00746195718645537
2024-01-23,-0.01774084294273448
2024-01-24,0.010129971071150878
2024-01-25,-0.004724053755400193
2024-01-29,0.018030591452244726
2024-01-30,-0.009913698102483215
2024-01-31,0.009460025419002926
2024-02-01,-0.0013003033741542103
2024-02-02,0.007205988175093214
2024-02-05,-0.0037568550808078083
2024-02-06,0.007243402101531293
2024-02-07,5.014315737827957e-05
2024-02-08,-0.009692017110872975
2024-02-09,0.0029722318898448563
2024-02-12,-0.0076414194307357075
2024-02-13,0.005884480011507653
2024-02-14,0.004451992284961959
2024-02-15,0.0032371361888359207
2024-02-16,0.005930843022260657
2024-02-19,0.0037000088082788096
2024-02-20,0.0033766555730090353
2024-02-21,-0.006392700010330099
2024-02-22,0.0073633218581414805
2024-02-23,-0.0002137959201901074
2024-02-26,-0.004080928508836235
2024-02-27,0.003448994348646428
2024-02-28,-0.011135927809948543
2024-02-29,0.0014418556686905948
2024-03-01,0.016192168700068565
2024-03-04,0.0029925402887358565
2024-03-05,-0.00220029050703785
2024-03-06,0.005266971542034149
2024-03-07,0.0008676673462120199
2024-03-11,-0.007153178801771132
2024-03-12,0.0001365188668460693
2024-03-13,-0.015132725270416536
2024-03-14,0.006771215952804832
2024-03-15,-0.005567468627318717
2024-03-18,0.0014688778023679294
2024-03-19,-0.010802196640288697
2024-03-20,0.0009923428906801757
2024-03-21,0.0079146856998078
2024-03-22,0.0038524885010076115
2024-03-26,-0.00416580634029895
2024-03-27,0.005405716783151604
2024-03-28,0.009187001078543977
2024-04-01,0.006050979178091831
2024-04-02,-0.0003872860275131451
2024-04-03,-0.0008306302403686683
2024-04-04,0.003565912488363576
2024-04-05,-4.224679746289706e-05
2024-04-08,0.006778164752814453
2024-04-09,-0.0010390218270411866
2024-04-10,0.0049044741142307835
2024-04-12,-0.010301592814249916
2024-04-15,-0.010963897188301042
2024-04-16,-0.005594325260972033
2024-04-18,-0.0068652458503182245
2024-04-19,0.0068717686886063944
2024-04-22,0.008551965982977361
2024-04-23,0.0014147135985376202
2024-04-24,0.0015379287654238016
2024-04-25,0.0074969296067168845
2024-04-26,-0.006663626980883297
2024-04-29,0.00996662256880243
2024-04-30,-0.00170251731563964
2024-05-02,0.0019177127972140884
2024-05-03,-0.007609859296553445
2024-05-06,-0.0014749338156797576
2024-05-07,-0.006246985595782073
2024-05-08,0.0
2024-05-09,-0.01546911781190452
2024-05-10,0.0044494691449390444
2024-05-13,0.0022149680905385605
2024-05-14,0.005148324587705533
2024-05-15,-0.0007786004689536163
2024-05-16,0.009157377676264788
2024-05-17,0.0027785403439750667
2024-05-21,0.002802051667603722
2024-05-22,0.0030516154749500313
2024-05-23,0.01636661960848307
2024-05-24,-0.0004593757337192361
2024-05-27,-0.0010737589261899938
2024-05-28,-0.0019317094176221072
2024-05-29,-0.008015115627261094
2024-05-30,-0.009515599658179275
2024-05-31,0.0018697799732139142
2024-06-03,0.03254231769535276
2024-06-04,-0.05929359941641077
2024-06-05,0.033624236760035675
2024-06-06,0.008888049244237806
2024-06-07,0.020539931466807104
2024-06-10,-0.0013289382574128705
2024-06-11,0.0002429314342191624
2024-06-12,0.002497312914139238
2024-06-13,0.0032564994745150067
2024-06-14,0.0028505279152657437
2024-06-18,0.003933450786960613
2024-06-19,-0.0017786131162043084
2024-06-20,0.0021687361796223215
2024-06-21,-0.00279629951309035
2024-06-24,0.00156375661610908
2024-06-25,0.007793879853915442
2024-06-26,0.006218040121837909
2024-06-27,0.007361040898544724
2024-06-28,-0.0014099020825968367
2024-07-01,0.005470484349075377
2024-07-02,-0.0007497161563467802
2024-07-03,0.006742306607722792
2024-07-04,0.0006444070008029268
2024-07-05,0.0008928929498506211
2024-07-08,-0.00013562113637344275
2024-07-09,0.004631820986013446
2024-07-10,-0.004450911197766749
2024-07-11,-0.0003494426502141934
2024-07-12,0.007657573644356042
2024-07-15,0.003450669707641296
2024-07-16,0.0010697158254551198
2024-07-18,0.007632129743428306
2024-07-19,-0.010884676251089243
2024-07-22,-0.0008825762723847497
2024-07-23,-0.0012321559717249908
2024-07-24,-0.002677831825905974
2024-07-25,-0.0003031269840456652
2024-07-26,0.01756732976027453
2024-07-29,5.03324972633834e-05
2024-07-30,0.0008536433743000504
2024-07-31,0.00377553501085659
2024-08-01,0.0023946791656728195
2024-08-02,-0.011722935491954689
2024-08-05,-0.02678645789462286
2024-08-06,-0.0026209626510589334
2024-08-07,0.012710162480444431
2024-08-08,-0.007428747813561065
2024-08-09,0.010386864037815746
2024-08-12,-0.0008412844977941925
2024-08-13,-0.008543146999630324
2024-08-14,0.00019677699987563635
2024-08-16,0.016459762490292462
2024-08-19,0.0012835584110202358
2024-08-20,0.005135759339910173
2024-08-21,0.0028887826964991703
2024-08-22,0.001667357653657442
2024-08-23,0.00046955607782672715
2024-08-26,0.007551387144671073
2024-08-27,0.0002858944102370753
2024-08-28,0.0013830024432652799
2024-08-29,0.00397565940632294
2024-08-30,0.003337760073577778
2024-09-02,0.001695950113232314
2024-09-03,4.550829989491412e-05
2024-09-04,-0.0032100820170585243
2024-09-05,-0.0021270784221717465
2024-09-06,-0.011650350298901935
2024-09-09,0.003390048695012693
2024-09-10,0.0041986500501236534
2024-09-11,-0.004897963449619458
2024-09-12,0.01887963282727112
2024-09-13,-0.0012761636040355961
2024-09-16,0.0010746751326089488
2024-09-17,0.0013709866056039743
2024-09-18,-0.0016129951842196455
2024-09-19,0.0015072376499098983
2024-09-20,0.014760441377741573
2024-09-23,0.005742385099666292
2024-09-24,5.2030021699067674e-05
2024-09-25,0.0024575565157058943
2024-09-26,0.008148714241454025
2024-09-27,-0.0014152231703233875
2024-09-30,-0.014060900852023384
2024-10-01,-0.0005404401234794243
2024-10-03,-0.021196375260987388
2024-10-04,-0.009326695880144675
2024-10-07,-0.008748875168602677
2024-10-08,0.00876764730346924
2024-10-09,-0.0012473907279866303
2024-10-10,0.0006604768849507447
2024-10-11,-0.0013680536120755926
2024-10-14,0.006557345754428789
2024-10-15,-0.0028096049048969007
2024-10-16,-0.0034340754096676696
2024-10-17,-0.008868227322834543
2024-10-18,0.004210173941240125
2024-10-21,-0.00293518237799828
2024-10-22,-0.012469180337869368
2024-10-23,-0.001495564743491773
2024-10-24,-0.0014773427748562273
2024-10-25,-0.008959220549493163
2024-10-28,0.0065485676346082045
2024-10-29,0.0052466588480091225
2024-10-30,-0.005149825253829232
2024-10-31,-0.005566773640794054
2024-11-01,0.004090004961616156
2024-11-04,-0.0127137736646451
2024-11-05,0.00908305881860727
2024-11-06,0.011181870759630508
2024-11-07,-0.011628025706147627
2024-11-08,-0.002113709312467793
2024-11-11,-0.00028567088740283353
2024-11-12,-0.010680930776533315
2024-11-13,-0.013582562322921432
2024-11-14,-0.0011185324376894457
2024-11-18,-0.0033527151631265184
2024-11-19,0.002758581406631766
2024-11-21,-0.007168807933116472
2024-11-22,0.023869464111237804
2024-11-25,0.013161295867362366
2024-11-26,-0.0011312238174179257
2024-11-27,0.003323085437806128
2024-11-28,-0.014861029054492936
2024-11-29,0.009072001940535257
2024-12-02,0.006006820004948565
2024-12-03,0.007460011144599932
2024-12-04,0.00042109681465385407
2024-12-05,0.009847825562885104
2024-12-06,-0.0012384293961259507
2024-12-09,-0.0023827399277279726
2024-12-10,-0.0003635086213900074
2024-12-11,0.0012901233029631864
2024-12-12,-0.003778196379659149
2024-12-13,0.008945547808588916
2024-12-16,-0.004039468921733236
2024-12-17,-0.013468730047733413
2024-12-18,-0.005635699812006956
2024-12-19,-0.010213311567061067
2024-12-20,-0.01520556915080562
2024-12-23,0.0070354729729729115
2024-12-24,-0.0010861087115143775
2024-12-26,0.0009503186263191132
2024-12-27,0.002661079652128029
2024-12-30,-0.007075847935867907
2024-12-31,-4.212721278373799e-06
2025-01-01,0.004148887118253564
2025-01-02,0.018774033191665485
2025-01-03,-0.007602755327609123
2025-01-06,-0.016192595996625703
2025-01-07,0.0038892874268343647
2025-01-08,-0.0007993610384197103
2025-01-09,-0.006857594959147506
2025-01-10,-0.004037999702463213
2025-01-13,-0.014747275302477436
2025-01-14,0.003902874499386977
2025-01-15,0.0016028803979861728
2025-01-16,0.004247650725383689
2025-01-17,-0.004658651792672774
2025-01-20,0.006100485537167577
2025-01-21,-0.013711845677293555
2025-01-22,0.0056764909144164655
2025-01-23,0.0021593282262408753
2025-01-24,-0.004876047658393667
2025-01-27,-0.011391241935562957
2025-01-28,0.005611229817278129
2025-01-29,0.008966649288351114
2025-01-30,0.003730087599762788
2025-01-31,0.011135740150325812
2025-02-01,-0.0011166221250199504
2025-02-03,-0.005157091976693451
2025-02-04,0.016189306820631133
2025-02-05,-0.001809207062143936
2025-02-06,-0.003922602634608197
2025-02-07,-0.0018387386257991967
2025-02-10,-0.007570033692307909
2025-02-11,-0.013249684936046169
2025-02-12,-0.0011507892904301098
2025-02-13,-0.0006009745771905495
2025-02-14,-0.004435266153706374
2025-02-17,0.0013192755977626813
2025-02-18,-0.0006184463402948426
2025-02-19,-0.0005404326900405598
2025-02-20,-0.0008612081186238907
2025-02-21,-0.005117148798882476
2025-02-24,-0.010640105330068539
2025-02-25,-0.00025711604818956513
2025-02-27,-0.00011087678764998277
2025-02-28,-0.018644959666695105
2025-03-03,-0.00024400049223838316
2025-03-04,-0.0016569416451024388
2025-03-05,0.011531695069225467
2025-03-06,0.009284847776867
2025-03-07,0.00034601398645017767
2025-03-10,-0.004088203913091726
2025-03-11,0.0016740474556060647
2025-03-12,-0.0012179087892316698
2025-03-13,-0.003262089461738671
2025-03-17,0.004980568336268254
2025-03-18,0.01446329899483545
2025-03-19,0.0032100316461272094
2025-03-20,0.012356195589090069
2025-03-21,0.0068885519512889015
2025-03-24,0.013188177230298859
2025-03-25,0.00043539728764163677
2025-03-26,-0.007681079328545448
2025-03-27,0.004474827877002596
2025-03-28,-0.0030773044101545244
2025-04-01,-0.015036571865236992
2025-04-02,0.0071938424586863725
2025-04-03,-0.0035251486188494496
2025-04-04,-0.014866619775066536
2025-04-07,-0.03243254628305536
2025-04-08,0.016887318902814252
2025-04-09,-0.006065856008070525
2025-04-11,0.019170387409190415
2025-04-15,0.02190239778210845
2025-04-16,0.004657316201027051
2025-04-17,0.017683476937954135
2025-04-21,0.011483498464016417
2025-04-22,0.0017284255654137493
2025-04-23,0.006690840652122221
2025-04-24,-0.0033807460922566923
2025-04-25,-0.00855166336268387
2025-04-28,0.012028211882747275
2025-04-29,0.0003061930965739812
2025-04-30,-7.191007773188485e-05
2025-05-02,0.0005136803511647248
2025-05-05,0.004700890697612925
2025-05-06,-0.0033338898599493128
2025-05-07,0.0014274549954715887
2025-05-08,-0.005758880297096702
2025-05-09,-0.0109501096942064
2025-05-12,0.038183073090219954
2025-05-13,-0.01389583907654357
2025-05-14,0.0036027960647213586
2025-05-15,0.01602143814146184
2025-05-16,-0.0016877607536591732
2025-05-19,-0.0029717088137536374
2025-05-20,-0.010484831354666824
2025-05-21,0.00524831270888626
2025-05-22,-0.008211272774042211
2025-05-23,0.009892488718005854
2025-05-26,0.005954979456279652
2025-05-27,-0.0069977248703164685
2025-05-28,-0.0029706520659956714
2025-05-29,0.003278479228775888
2025-05-30,-0.00333823496911434
2025-06-02,-0.0013777230725331435
2025-06-03,-0.007043833380258491
2025-06-04,0.003165904807986175
2025-06-05,0.005308696762106768
2025-06-06,0.01018752395450262
2025-06-09,0.004005448710087123
2025-06-10,4.18584595869298e-05
2025-06-11,0.0014798446727146697
2025-06-12,-0.010071084662786611
2025-06-13,-0.006814458847919758
2025-06-16,0.00921979376770854
2025-06-17,-0.0037319707924959866
2025-06-18,-0.0016637405234334324
2025-06-19,-0.0007577278241026608
2025-06-20,0.01287247095983779
2025-06-23,-0.0055948454872697395
2025-06-24,0.0029012296868362597
2025-06-25,0.008001820520425307
2025-06-26,0.012052010814129765
2025-06-27,0.003475704773181043
2025-06-30,-0.004709842354665206
2025-07-01,0.0009699396772837598
2025-07-02,-0.0034610085397696055
2025-07-03,-0.00188971251922454
2025-07-04,0.0021924250859925998
2025-07-07,1.1813410706551508e-05
2025-07-08,0.0024036171315751087
2025-07-09,-0.00181801902732881
2025-07-10,-0.004743646446198069
2025-07-11,-0.008100901810276007
2025-07-14,-0.002685854157148504
2025-07-15,0.004525103218794291
2025-07-16,0.0006449487413033861
2025-07-17,-0.003990217351728331
2025-07-18,-0.0056965580472427835
2025-07-21,0.004898144302865282
2025-07-22,-0.0011876443882732346
2025-07-23,0.006344544590244583
2025-07-24,-0.006256994627491075
2025-07-25,-0.008981674037030651
2025-07-28,-0.006284962329387578
2025-07-29,0.005680474234370125
2025-07-30,0.001367835124523431
2025-07-31,-0.0034882717656889994
2025-08-01,-0.008195943742782208
2025-08-04,0.006407415043054421
2025-08-05,-0.0029608040671041946
2025-08-06,-0.003056914228121266
2025-08-07,0.0008932609229541644
2025-08-08,-0.009466912735407229
2025-08-11,0.009101804471857822
2025-08-12,-0.003971941790719136
2025-08-13,0.005388453516712133
2025-08-14,0.00048543816407109475
2025-08-18,0.009973019276634965
2025-08-19,0.004168564680625764
2025-08-20,0.0027981813736617234
2025-08-21,0.0013252889742787488
2025-08-22,-0.008517482060098724
2025-08-25,0.003926417350905487
2025-08-26,-0.010241179872034878
2025-08-28,-0.008544430103923584
2025-08-29,-0.0030223697933294824
2025-09-01,0.008114070174605414
2025-09-02,-0.0018457290617897026
2025-09-03,0.0055107151470170646
2025-09-04,0.0007788776228048189
2025-09-05,0.00027084730671167456
2025-09-08,0.0012994782193525012
2025-09-09,0.003852930178235292
2025-09-10,0.0042020862308871365
2025-09-11,0.0012974116602184615
2025-09-12,0.004339045410009845
2025-09-15,-0.0017838966811339896
2025-09-16,0.006777256391098607
2025-09-17,0.003611475529465391
2025-09-18,0.0036853015416349333
2025-09-19,-0.0037976065391384095
2025-09-22,-0.004923635718664832
2025-09-23,-0.0013034343973540308
2025-09-24,-0.00447365300760838
2025-09-25,-0.006626948212322681
2025-09-26,-0.009487437927231501
2025-09-29,-0.0008030448049409777
2025-09-30,-0.0009661407544825362
2025-10-01,0.009150390492475902
2025-10-03,0.0023332467769816567
2025-10-06,0.007367178791287232
2025-10-07,0.0012222193924698033
2025-10-08,-0.0024752925801897474
2025-10-09,0.005416017571936882
2025-10-10,0.0041120501676790155
2025-10-13,-0.0022938183927065925
2025-10-14,-0.003244479132464395
2025-10-15,0.007080820872521931
2025-10-16,0.010336228211479837
2025-10-17,0.004867983737610659
2025-10-20,0.005184813729964155
2025-10-21,0.0009847568259027106
2025-10-23,0.0008814076368377499
2025-10-24,-0.0037174505259611745
2025-10-27,0.006625291500029773
2025-10-28,-0.001149638146805021
2025-10-29,0.0045381040946781415
2025-10-30,-0.0067571756478100875
2025-10-31,-0.006018660837397216
2025-11-03,0.0016036793506921665
2025-11-04,-0.006431586779760301
2025-11-06,-0.0034359080045569534
2025-11-07,-0.0006820322478444663
2025-11-10,0.0032185728871263475
2025-11-11,0.0047156471705849246
2025-11-12,0.0070384090258497345
2025-11-13,0.00012944949620363744
2025-11-14,0.001194026471448284
2025-11-17,0.0039906690408659795
2025-11-18,-0.003974806902018679
2025-11-19,0.005503640675154298
2025-11-20,0.005354541588221684
2025-11-21,-0.0047342428227803435
2025-11-24,-0.004167936312968079
2025-11-25,-0.002877529180069005
2025-11-26,0.012381783530362567
2025-11-27,0.0003911422381892571
2025-11-28,-0.0004806903583736144
2025-12-01,-0.0010380212747401751
2025-12-02,-0.005484113396941881
2025-12-03,-0.0017746951904364927
